[{"model": "admin.logentry", "pk": 1, "fields": {"action_time": "2022-01-19T08:23:46.168Z", "user": 1, "content_type": 4, "object_id": "1", "object_repr": "Codie", "action_flag": 2, "change_message": "[{\"changed\": {\"fields\": [\"Email address\"]}}]"}}, {"model": "admin.logentry", "pk": 2, "fields": {"action_time": "2022-01-19T08:24:06.960Z", "user": 1, "content_type": 8, "object_id": "1", "object_repr": "codie18@gmail.com", "action_flag": 1, "change_message": "[{\"added\": {}}]"}}, {"model": "admin.logentry", "pk": 3, "fields": {"action_time": "2022-01-19T14:20:55.436Z", "user": 1, "content_type": 13, "object_id": "5", "object_repr": "test-test", "action_flag": 2, "change_message": "[{\"added\": {\"name\": \"vehicle images\", \"object\": \"test-image\"}}]"}}, {"model": "admin.logentry", "pk": 4, "fields": {"action_time": "2022-01-19T14:20:55.618Z", "user": 1, "content_type": 13, "object_id": "5", "object_repr": "test-test", "action_flag": 2, "change_message": "[{\"added\": {\"name\": \"vehicle images\", \"object\": \"test-image\"}}]"}}, {"model": "admin.logentry", "pk": 5, "fields": {"action_time": "2022-01-19T14:21:27.391Z", "user": 1, "content_type": 13, "object_id": "5", "object_repr": "test-test", "action_flag": 2, "change_message": "[{\"changed\": {\"name\": \"vehicle images\", \"object\": \"test-image\", \"fields\": [\"Image\"]}}, {\"changed\": {\"name\": \"vehicle images\", \"object\": \"test-image\", \"fields\": [\"Image\"]}}]"}}, {"model": "admin.logentry", "pk": 6, "fields": {"action_time": "2022-01-19T21:46:20.309Z", "user": 1, "content_type": 21, "object_id": "11", "object_repr": "audicover", "action_flag": 3, "change_message": ""}}, {"model": "admin.logentry", "pk": 7, "fields": {"action_time": "2022-01-19T21:46:20.314Z", "user": 1, "content_type": 21, "object_id": "10", "object_repr": "audicover", "action_flag": 3, "change_message": ""}}, {"model": "admin.logentry", "pk": 8, "fields": {"action_time": "2022-01-19T21:46:20.319Z", "user": 1, "content_type": 21, "object_id": "9", "object_repr": "audicover", "action_flag": 3, "change_message": ""}}, {"model": "admin.logentry", "pk": 9, "fields": {"action_time": "2022-01-19T21:46:20.323Z", "user": 1, "content_type": 21, "object_id": "8", "object_repr": "audicover", "action_flag": 3, "change_message": ""}}, {"model": "admin.logentry", "pk": 10, "fields": {"action_time": "2022-01-19T21:46:20.327Z", "user": 1, "content_type": 21, "object_id": "7", "object_repr": "audicover", "action_flag": 3, "change_message": ""}}, {"model": "admin.logentry", "pk": 11, "fields": {"action_time": "2022-01-19T21:46:20.330Z", "user": 1, "content_type": 21, "object_id": "6", "object_repr": "audicover", "action_flag": 3, "change_message": ""}}, {"model": "admin.logentry", "pk": 12, "fields": {"action_time": "2022-01-19T21:46:20.334Z", "user": 1, "content_type": 21, "object_id": "12", "object_repr": "mercedes-benzwindow tints", "action_flag": 3, "change_message": ""}}, {"model": "admin.logentry", "pk": 13, "fields": {"action_time": "2022-01-19T21:46:20.338Z", "user": 1, "content_type": 21, "object_id": "5", "object_repr": "", "action_flag": 3, "change_message": ""}}, {"model": "admin.logentry", "pk": 14, "fields": {"action_time": "2022-01-19T21:46:20.342Z", "user": 1, "content_type": 21, "object_id": "4", "object_repr": "", "action_flag": 3, "change_message": ""}}, {"model": "admin.logentry", "pk": 15, "fields": {"action_time": "2022-01-19T21:46:20.346Z", "user": 1, "content_type": 21, "object_id": "3", "object_repr": "", "action_flag": 3, "change_message": ""}}, {"model": "admin.logentry", "pk": 16, "fields": {"action_time": "2022-01-19T21:46:20.350Z", "user": 1, "content_type": 21, "object_id": "2", "object_repr": "", "action_flag": 3, "change_message": ""}}, {"model": "admin.logentry", "pk": 17, "fields": {"action_time": "2022-01-19T21:46:20.353Z", "user": 1, "content_type": 21, "object_id": "1", "object_repr": "", "action_flag": 3, "change_message": ""}}, {"model": "admin.logentry", "pk": 18, "fields": {"action_time": "2022-01-19T21:48:41.126Z", "user": 1, "content_type": 21, "object_id": "14", "object_repr": "mercedes-benzwindow tints", "action_flag": 3, "change_message": ""}}, {"model": "admin.logentry", "pk": 19, "fields": {"action_time": "2022-01-19T21:48:41.130Z", "user": 1, "content_type": 21, "object_id": "13", "object_repr": "mercedes-benzwindow tints", "action_flag": 3, "change_message": ""}}, {"model": "admin.logentry", "pk": 20, "fields": {"action_time": "2022-01-19T21:48:47.316Z", "user": 1, "content_type": 21, "object_id": "15", "object_repr": "mercedes-benzwindow tints", "action_flag": 3, "change_message": ""}}, {"model": "admin.logentry", "pk": 21, "fields": {"action_time": "2022-01-20T09:24:09.422Z", "user": 1, "content_type": 21, "object_id": "17", "object_repr": "genericmudflap", "action_flag": 3, "change_message": ""}}, {"model": "admin.logentry", "pk": 22, "fields": {"action_time": "2022-01-20T09:24:49.339Z", "user": 1, "content_type": 21, "object_id": "18", "object_repr": "genericmudflap", "action_flag": 3, "change_message": ""}}, {"model": "admin.logentry", "pk": 23, "fields": {"action_time": "2022-01-20T13:49:13.235Z", "user": 1, "content_type": 13, "object_id": "1", "object_repr": "nissan-dv64xug", "action_flag": 2, "change_message": "[{\"changed\": {\"fields\": [\"Available\"]}}]"}}, {"model": "admin.logentry", "pk": 24, "fields": {"action_time": "2022-01-20T13:49:30.284Z", "user": 1, "content_type": 13, "object_id": "2", "object_repr": "nissan-ma58frx", "action_flag": 2, "change_message": "[{\"changed\": {\"fields\": [\"Gearbox\", \"Available\"]}}]"}}, {"model": "admin.logentry", "pk": 25, "fields": {"action_time": "2022-01-20T13:49:38.731Z", "user": 1, "content_type": 13, "object_id": "0", "object_repr": "nissan-ve67uto", "action_flag": 2, "change_message": "[{\"changed\": {\"fields\": [\"Available\"]}}]"}}, {"model": "admin.logentry", "pk": 26, "fields": {"action_time": "2022-01-20T13:49:48.350Z", "user": 1, "content_type": 13, "object_id": "4", "object_repr": "toyota-sm64mty", "action_flag": 2, "change_message": "[{\"changed\": {\"fields\": [\"Available\"]}}]"}}, {"model": "admin.logentry", "pk": 27, "fields": {"action_time": "2022-01-20T13:49:58.363Z", "user": 1, "content_type": 13, "object_id": "3", "object_repr": "volkswagen-lx15zpu", "action_flag": 2, "change_message": "[{\"changed\": {\"fields\": [\"Available\"]}}]"}}, {"model": "admin.logentry", "pk": 28, "fields": {"action_time": "2022-01-20T14:07:36.852Z", "user": 1, "content_type": 17, "object_id": "5", "object_repr": "A3C492D655794BB5B59E28B6A98AAA51", "action_flag": 3, "change_message": ""}}, {"model": "admin.logentry", "pk": 29, "fields": {"action_time": "2022-01-20T14:07:37.600Z", "user": 1, "content_type": 17, "object_id": "4", "object_repr": "5ED758978B5D4A6EB41EE9961A92D53D", "action_flag": 3, "change_message": ""}}, {"model": "admin.logentry", "pk": 30, "fields": {"action_time": "2022-01-20T14:07:37.687Z", "user": 1, "content_type": 17, "object_id": "3", "object_repr": "48A42B3649F34D7192177F295CCA508F", "action_flag": 3, "change_message": ""}}, {"model": "admin.logentry", "pk": 31, "fields": {"action_time": "2022-01-20T14:07:37.724Z", "user": 1, "content_type": 17, "object_id": "2", "object_repr": "7761EA19DB734C0E89CC369D90F17F86", "action_flag": 3, "change_message": ""}}, {"model": "admin.logentry", "pk": 32, "fields": {"action_time": "2022-01-20T14:07:37.750Z", "user": 1, "content_type": 17, "object_id": "1", "object_repr": "AA8CA499E6824355BFF293AB71E3EA05", "action_flag": 3, "change_message": ""}}, {"model": "admin.logentry", "pk": 33, "fields": {"action_time": "2022-01-20T14:07:43.277Z", "user": 1, "content_type": 15, "object_id": "10", "object_repr": "0D440B4703F447BE91263166706129F4", "action_flag": 3, "change_message": ""}}, {"model": "admin.logentry", "pk": 34, "fields": {"action_time": "2022-01-20T14:07:44.132Z", "user": 1, "content_type": 15, "object_id": "9", "object_repr": "B08967DCDCBB483B90C14FEC65C33A6F", "action_flag": 3, "change_message": ""}}, {"model": "admin.logentry", "pk": 35, "fields": {"action_time": "2022-01-20T14:07:44.251Z", "user": 1, "content_type": 15, "object_id": "8", "object_repr": "DF8B54EDD8104A049ADB0D3AB6FF2AE6", "action_flag": 3, "change_message": ""}}, {"model": "admin.logentry", "pk": 36, "fields": {"action_time": "2022-01-20T14:07:44.277Z", "user": 1, "content_type": 15, "object_id": "7", "object_repr": "D36E315B46DA48B795D703F72214C74A", "action_flag": 3, "change_message": ""}}, {"model": "admin.logentry", "pk": 37, "fields": {"action_time": "2022-01-20T14:07:44.295Z", "user": 1, "content_type": 15, "object_id": "6", "object_repr": "40069527FC1F4040B5C821D4EB306066", "action_flag": 3, "change_message": ""}}, {"model": "admin.logentry", "pk": 38, "fields": {"action_time": "2022-01-20T14:07:44.310Z", "user": 1, "content_type": 15, "object_id": "5", "object_repr": "4E300D03EF414D77BD8B5339214F0454", "action_flag": 3, "change_message": ""}}, {"model": "admin.logentry", "pk": 39, "fields": {"action_time": "2022-01-20T14:07:44.325Z", "user": 1, "content_type": 15, "object_id": "4", "object_repr": "D43A4B6C1AED4364BB4F6DF28127F79B", "action_flag": 3, "change_message": ""}}, {"model": "admin.logentry", "pk": 40, "fields": {"action_time": "2022-01-20T14:07:44.340Z", "user": 1, "content_type": 15, "object_id": "3", "object_repr": "021918F29EDA4AF0AF0B94634AEEE2D0", "action_flag": 3, "change_message": ""}}, {"model": "admin.logentry", "pk": 41, "fields": {"action_time": "2022-01-20T14:07:44.355Z", "user": 1, "content_type": 15, "object_id": "2", "object_repr": "3D39899303BC42D896DA5AB4495F62AA", "action_flag": 3, "change_message": ""}}, {"model": "admin.logentry", "pk": 42, "fields": {"action_time": "2022-01-20T14:07:44.371Z", "user": 1, "content_type": 15, "object_id": "1", "object_repr": "45B2F3989FF640308FE7E81F6CDA097E", "action_flag": 3, "change_message": ""}}, {"model": "admin.logentry", "pk": 43, "fields": {"action_time": "2022-01-20T14:07:54.170Z", "user": 1, "content_type": 13, "object_id": "1", "object_repr": "nissan-dv64xug", "action_flag": 2, "change_message": "[{\"changed\": {\"fields\": [\"Available\"]}}]"}}, {"model": "admin.logentry", "pk": 44, "fields": {"action_time": "2022-01-20T14:08:00.975Z", "user": 1, "content_type": 13, "object_id": "2", "object_repr": "nissan-ma58frx", "action_flag": 2, "change_message": "[{\"changed\": {\"fields\": [\"Available\"]}}]"}}, {"model": "admin.logentry", "pk": 45, "fields": {"action_time": "2022-01-20T14:08:08.888Z", "user": 1, "content_type": 13, "object_id": "0", "object_repr": "nissan-ve67uto", "action_flag": 2, "change_message": "[{\"changed\": {\"fields\": [\"Available\"]}}]"}}, {"model": "admin.logentry", "pk": 46, "fields": {"action_time": "2022-01-20T14:08:14.928Z", "user": 1, "content_type": 13, "object_id": "4", "object_repr": "toyota-sm64mty", "action_flag": 2, "change_message": "[{\"changed\": {\"fields\": [\"Available\"]}}]"}}, {"model": "admin.logentry", "pk": 47, "fields": {"action_time": "2022-01-20T14:08:21.902Z", "user": 1, "content_type": 13, "object_id": "3", "object_repr": "volkswagen-lx15zpu", "action_flag": 2, "change_message": "[{\"changed\": {\"fields\": [\"Available\"]}}]"}}, {"model": "admin.logentry", "pk": 48, "fields": {"action_time": "2022-01-20T14:08:30.118Z", "user": 1, "content_type": 21, "object_id": "0", "object_repr": "generic-mudflap", "action_flag": 2, "change_message": "[{\"changed\": {\"fields\": [\"Quantity available\"]}}]"}}, {"model": "admin.logentry", "pk": 49, "fields": {"action_time": "2022-01-21T20:41:13.540Z", "user": 1, "content_type": 21, "object_id": "1", "object_repr": "generic-mudflap", "action_flag": 3, "change_message": ""}}, {"model": "admin.logentry", "pk": 50, "fields": {"action_time": "2022-01-21T20:41:13.546Z", "user": 1, "content_type": 21, "object_id": "0", "object_repr": "generic-mudflap", "action_flag": 3, "change_message": ""}}, {"model": "admin.logentry", "pk": 51, "fields": {"action_time": "2022-01-22T16:58:51.457Z", "user": 1, "content_type": 15, "object_id": "13", "object_repr": "1023649D6ED94485BFD1CE24852E562D", "action_flag": 3, "change_message": ""}}, {"model": "admin.logentry", "pk": 52, "fields": {"action_time": "2022-01-22T16:58:51.461Z", "user": 1, "content_type": 15, "object_id": "12", "object_repr": "F00F3F31642747FF8D0F6E986F8E328F", "action_flag": 3, "change_message": ""}}, {"model": "admin.logentry", "pk": 53, "fields": {"action_time": "2022-01-22T16:58:51.466Z", "user": 1, "content_type": 15, "object_id": "11", "object_repr": "9B80EB9210CB49029638AB7524B3FAC2", "action_flag": 3, "change_message": ""}}, {"model": "admin.logentry", "pk": 54, "fields": {"action_time": "2022-01-22T19:54:02.944Z", "user": 1, "content_type": 17, "object_id": "7", "object_repr": "87F12A1F04864FA6B060D4075C6FFD8B", "action_flag": 3, "change_message": ""}}, {"model": "admin.logentry", "pk": 55, "fields": {"action_time": "2022-01-22T19:54:02.950Z", "user": 1, "content_type": 17, "object_id": "6", "object_repr": "1E9D048069D149119A53A08457D7D01F", "action_flag": 3, "change_message": ""}}, {"model": "admin.logentry", "pk": 56, "fields": {"action_time": "2022-01-22T19:54:21.700Z", "user": 1, "content_type": 15, "object_id": "17", "object_repr": "D3294534261D4139AE175587F11369CF", "action_flag": 3, "change_message": ""}}, {"model": "admin.logentry", "pk": 57, "fields": {"action_time": "2022-01-22T19:54:21.705Z", "user": 1, "content_type": 15, "object_id": "16", "object_repr": "33A16B23A1CE444390820A33E9AD843E", "action_flag": 3, "change_message": ""}}, {"model": "admin.logentry", "pk": 58, "fields": {"action_time": "2022-01-22T19:54:21.708Z", "user": 1, "content_type": 15, "object_id": "15", "object_repr": "12A368FCBA1F4825870D496B51B4FCD9", "action_flag": 3, "change_message": ""}}, {"model": "admin.logentry", "pk": 59, "fields": {"action_time": "2022-01-22T19:54:21.712Z", "user": 1, "content_type": 15, "object_id": "14", "object_repr": "3BB1FE03780B45049FCFADC27AC67D25", "action_flag": 3, "change_message": ""}}, {"model": "admin.logentry", "pk": 60, "fields": {"action_time": "2022-01-22T19:54:48.413Z", "user": 1, "content_type": 13, "object_id": "22", "object_repr": "volkswagen-lv16xlw", "action_flag": 2, "change_message": "[{\"changed\": {\"fields\": [\"Available\"]}}]"}}, {"model": "admin.logentry", "pk": 61, "fields": {"action_time": "2022-01-22T19:55:35.339Z", "user": 1, "content_type": 13, "object_id": "2", "object_repr": "nissan-ma58frx", "action_flag": 2, "change_message": "[{\"changed\": {\"fields\": [\"Gearbox\", \"Available\"]}}]"}}, {"model": "admin.logentry", "pk": 62, "fields": {"action_time": "2022-01-22T19:55:54.683Z", "user": 1, "content_type": 13, "object_id": "0", "object_repr": "nissan-ve67uto", "action_flag": 2, "change_message": "[{\"changed\": {\"fields\": [\"Gearbox\", \"Available\"]}}]"}}, {"model": "admin.logentry", "pk": 63, "fields": {"action_time": "2022-01-22T19:56:16.140Z", "user": 1, "content_type": 13, "object_id": "20", "object_repr": "nissan-ke18xnr", "action_flag": 2, "change_message": "[]"}}, {"model": "admin.logentry", "pk": 64, "fields": {"action_time": "2022-01-22T22:01:55.582Z", "user": 1, "content_type": 17, "object_id": "9", "object_repr": "ACF37DFE856847FE905D86428F38531D", "action_flag": 2, "change_message": "[{\"changed\": {\"name\": \"accessory order line item\", \"object\": \"SKU aa-windscreen-cover-all-2022 on order ACF37DFE856847FE905D86428F38531D\", \"fields\": [\"Quantity\"]}}]"}}, {"model": "admin.logentry", "pk": 65, "fields": {"action_time": "2022-01-22T22:02:02.693Z", "user": 1, "content_type": 17, "object_id": "9", "object_repr": "ACF37DFE856847FE905D86428F38531D", "action_flag": 2, "change_message": "[{\"changed\": {\"name\": \"accessory order line item\", \"object\": \"SKU aa-windscreen-cover-all-2022 on order ACF37DFE856847FE905D86428F38531D\", \"fields\": [\"Quantity\"]}}]"}}, {"model": "admin.logentry", "pk": 66, "fields": {"action_time": "2022-01-22T23:02:03.474Z", "user": 1, "content_type": 17, "object_id": "12", "object_repr": "349E98912A4043059DDFFCF46A04DF2E", "action_flag": 3, "change_message": ""}}, {"model": "admin.logentry", "pk": 67, "fields": {"action_time": "2022-01-22T23:02:03.479Z", "user": 1, "content_type": 17, "object_id": "11", "object_repr": "4A3982070AC0413E8B1D525FB297CBD9", "action_flag": 3, "change_message": ""}}, {"model": "admin.logentry", "pk": 68, "fields": {"action_time": "2022-01-22T23:02:03.482Z", "user": 1, "content_type": 17, "object_id": "10", "object_repr": "55F8BB4A47BE46A088F1810FE035CFE1", "action_flag": 3, "change_message": ""}}, {"model": "admin.logentry", "pk": 69, "fields": {"action_time": "2022-01-22T23:02:03.486Z", "user": 1, "content_type": 17, "object_id": "9", "object_repr": "ACF37DFE856847FE905D86428F38531D", "action_flag": 3, "change_message": ""}}, {"model": "admin.logentry", "pk": 70, "fields": {"action_time": "2022-01-22T23:02:03.489Z", "user": 1, "content_type": 17, "object_id": "8", "object_repr": "8E4E21B327B945979F3E22950659A4EE", "action_flag": 3, "change_message": ""}}, {"model": "admin.logentry", "pk": 71, "fields": {"action_time": "2022-01-22T23:02:23.661Z", "user": 1, "content_type": 13, "object_id": "28", "object_repr": "audi-sv70ysd", "action_flag": 2, "change_message": "[{\"changed\": {\"fields\": [\"Available\"]}}]"}}, {"model": "admin.logentry", "pk": 72, "fields": {"action_time": "2022-01-22T23:02:40.491Z", "user": 1, "content_type": 13, "object_id": "3", "object_repr": "volkswagen-lx15zpu", "action_flag": 2, "change_message": "[{\"changed\": {\"fields\": [\"Available\"]}}]"}}, {"model": "admin.logentry", "pk": 73, "fields": {"action_time": "2022-01-22T23:02:48.521Z", "user": 1, "content_type": 15, "object_id": "19", "object_repr": "85D90A10937247AC8666FDABD331BDAF", "action_flag": 3, "change_message": ""}}, {"model": "admin.logentry", "pk": 74, "fields": {"action_time": "2022-01-22T23:02:48.525Z", "user": 1, "content_type": 15, "object_id": "18", "object_repr": "9087A69A5AFD4E27AF0E28DEEF74DCCB", "action_flag": 3, "change_message": ""}}, {"model": "admin.logentry", "pk": 75, "fields": {"action_time": "2022-01-25T14:38:55.667Z", "user": 1, "content_type": 4, "object_id": "3", "object_repr": "test123", "action_flag": 2, "change_message": "[{\"changed\": {\"fields\": [\"Staff status\"]}}]"}}, {"model": "admin.logentry", "pk": 76, "fields": {"action_time": "2022-01-25T14:58:43.530Z", "user": 1, "content_type": 4, "object_id": "5", "object_repr": "123", "action_flag": 3, "change_message": ""}}, {"model": "admin.logentry", "pk": 77, "fields": {"action_time": "2022-01-25T14:58:43.535Z", "user": 1, "content_type": 4, "object_id": "3", "object_repr": "test123", "action_flag": 3, "change_message": ""}}, {"model": "admin.logentry", "pk": 78, "fields": {"action_time": "2022-01-25T14:58:43.539Z", "user": 1, "content_type": 4, "object_id": "2", "object_repr": "testacc", "action_flag": 3, "change_message": ""}}, {"model": "admin.logentry", "pk": 79, "fields": {"action_time": "2022-01-25T14:58:43.542Z", "user": 1, "content_type": 4, "object_id": "4", "object_repr": "testtest", "action_flag": 3, "change_message": ""}}, {"model": "auth.user", "pk": 1, "fields": {"password": "pbkdf2_sha256$320000$9vQEzKBcoPVlSzijEc5zhR$DO4Fc/3HdnYkldlNTPMeTlDPqSHLAqVPWfLqa+lDW0I=", "last_login": "2022-01-25T14:57:01.923Z", "is_superuser": true, "username": "Codie", "first_name": "", "last_name": "", "email": "codie18@gmail.com", "is_staff": true, "is_active": true, "date_joined": "2022-01-19T08:23:23Z", "groups": [], "user_permissions": []}}, {"model": "auth.user", "pk": 6, "fields": {"password": "pbkdf2_sha256$320000$EoV9PZVQGzAhabodVG5sV2$X79EN9Gbo8tV3Ny9Xk9UNbL7ip6x0b57Xqj4R1UZ+ds=", "last_login": "2022-01-25T14:59:22.913Z", "is_superuser": false, "username": "test@test.com", "first_name": "", "last_name": "", "email": "test@test.com", "is_staff": false, "is_active": true, "date_joined": "2022-01-25T14:59:01.769Z", "groups": [], "user_permissions": []}}, {"model": "sessions.session", "pk": "3sqamaxw8nndpvdihjj7gv06nshmvgla", "fields": {"session_data": ".eJxVjdsOgjAMQP-lz4RsbJPLm_7I0pVOFuc0DIzG-O8CITE-9pz29A0PHgJFtg7P0L0_BSDRbU6TffAYfODe8hVDhC7NMf7snHmEDgwUYHGehg3Y0C9M_jOHdOG0CoxxxeXeKLedXefyuEycpkA4hVs67Vd_qQHzsHT6Q2MEeZZ9S043qtLCSHXwFZNvK-WkqI3WEjVrT8oohcLrutWiFk2DtVujmXNe3lh-3sP4gk58vl8ZWlo:1nCNHP:4rYWvdipttFoLpfCRE0r-ylKMbfsIRLXRr91t6eQOfU", "expire_date": "2022-02-08T14:58:43.662Z"}}, {"model": "sessions.session", "pk": "4unp0nk9854kagselxj8oblxlqnu88ep", "fields": {"session_data": "eyJ2ZWhpY2xlX2JhZyI6e319:1nBzFA:S0qqD3YyWutojTYOzCffQ7kg8SKl-_M2GzOVpHip87Q", "expire_date": "2022-02-07T13:18:48.347Z"}}, {"model": "sessions.session", "pk": "5c6ijnpcmwopd1a6ygi9am5tef6yinhk", "fields": {"session_data": ".eJxVjssOwiAURP_lrpsGCljK0r3fQC70YvEBBtpGY_x3beJCt3NmTuYJFpd5skulYuMIBjg0v5lDf6a0gfGE6Zhbn9Ncomu3SvultT3kkS77b_dPMGGdtvVOK-YD8XHwTmrRSaa42IWOfBg64TjrlZQcJcnghRICWZD9IFnPtMbebdJKtcacLN1vsTzAsAYqrmRjChnMXBZqYKUp-gt9fh_BPOGKSodyB8Nfrze92k2w:1nBjNT:GbA0VpNL9DH7oFQ9dfNXZ-hoUfc0JWjWFwpz1TC9_0c", "expire_date": "2022-02-06T20:22:19.182Z"}}, {"model": "sessions.session", "pk": "9rodhhcis930lia4qny9mrze9w5n854c", "fields": {"session_data": "eyJ2ZWhpY2xlX2JhZyI6e319:1nBfVx:RQIN5NPw4UPilcI-CkL8PW5n2tofHPd9tZmdWQWF4mY", "expire_date": "2022-02-06T16:14:49.255Z"}}, {"model": "sessions.session", "pk": "fwaajetf47o1xjb2qpfo4gvucqc7ct8p", "fields": {"session_data": "e30:1nCNH5:vQciGPMyMvs7DOPIJCRfB5SngSkKEz5uKppUYtt7T0g", "expire_date": "2022-02-08T14:58:23.038Z"}}, {"model": "sessions.session", "pk": "i55xbwn0jori4misiu7y3iaq0raxhgbp", "fields": {"session_data": "eyJ2ZWhpY2xlX2JhZyI6e319:1nBfVx:RQIN5NPw4UPilcI-CkL8PW5n2tofHPd9tZmdWQWF4mY", "expire_date": "2022-02-06T16:14:49.208Z"}}, {"model": "sessions.session", "pk": "ig3d75rs6qzjfm6t9rgujlg8xwi81k0d", "fields": {"session_data": "eyJ2ZWhpY2xlX2JhZyI6e319:1nBfVx:RQIN5NPw4UPilcI-CkL8PW5n2tofHPd9tZmdWQWF4mY", "expire_date": "2022-02-06T16:14:49.349Z"}}, {"model": "sessions.session", "pk": "lhj58c8u7zasorl7vwppe9h2xe4mops1", "fields": {"session_data": "eyJ2ZWhpY2xlX2JhZyI6e319:1nCNGv:JTmfAmCbiJMK7Txj5Pgxt1IcUI1qPU0fA6ND3tahKsA", "expire_date": "2022-02-08T14:58:13.375Z"}}, {"model": "sessions.session", "pk": "lm9wg6kaczs8q6viz05s2u9saeieyul5", "fields": {"session_data": "eyJ2ZWhpY2xlX2JhZyI6e319:1nBfVx:RQIN5NPw4UPilcI-CkL8PW5n2tofHPd9tZmdWQWF4mY", "expire_date": "2022-02-06T16:14:49.299Z"}}, {"model": "sessions.session", "pk": "ltz7tpdf8bv8pukkmhafsch63prfdsyl", "fields": {"session_data": "eyJ2ZWhpY2xlX2JhZyI6e30sImJhZyI6eyIxIjoxfX0:1nCIcI:xiEnFJ3S1xIpAKwXQ0PKx2JvCWByUVCdsDdOqkU_gBY", "expire_date": "2022-02-08T09:59:58.065Z"}}, {"model": "sessions.session", "pk": "nynl6cxayz28khsar2efhl5rorcxq3ze", "fields": {"session_data": "eyJ2ZWhpY2xlX2JhZyI6e319:1nBGGT:dkic3M8su1_C43SoK3P2dnaEgQuL408hi1gydIziYdM", "expire_date": "2022-02-05T13:17:09.165Z"}}, {"model": "sessions.session", "pk": "t287uicot74rwbwvpz66reu7wsmsi3b0", "fields": {"session_data": ".eJxljt1OxCAUhN_lXJMGaKksl977DISfwxZF2EBpNJu-u61uTIx3k_lmJnMH41zpedUb1hgieo3vJiZQuadEfmlvWEHBDAS06evybejo_3vWuDfMJ_CvJl_L4Epea7TDGRketA0vxWN6fmT_DCymLUfbcS-5v3hJDxWMsG5m3AaKAuVopXAXGphjKNmTnzyVo-RumqkV3HicRnGONmwtlqzx4xbrJyhKoJkNdcyhgFprRwIbLtElPH5fQd13Aj8COAfF9v0LxFBhCw:1nCOO4:sBOBD3shTODu-C3gb6PdecqWAB_Nn9_Lt5ijG6c4lf8", "expire_date": "2022-02-08T16:09:40.735Z"}}, {"model": "sessions.session", "pk": "ucg9ewku1sl4f8f9eat3u8wibse5x07k", "fields": {"session_data": "eyJ2ZWhpY2xlX2JhZyI6e319:1nBFqa:fhslgB3CCcfMmEERku1IPEELkHoORROvaMnt56YAkjw", "expire_date": "2022-02-05T12:50:24.828Z"}}, {"model": "sessions.session", "pk": "w1me8lizzql4h8o4zlstgywqvthw7g6d", "fields": {"session_data": ".eJxVjE0OgyAYBe_CuiEgIOiy-56B8PMhtAYa0aaN8e4NiRu3b-bNjj4Qk5tBWzOhcT9uSJttjXqrsOjk0YgoumzWuBfkBvzT5KlgV_K6JIubgk9a8aN4mO-newlEU2N790oQF4D6wVmuWMeJoKwPHbgwdMxSIgXn1HDgwTHBmCGBy4ETSZQy0rZohVpTyRq-77T80EiOPyRzRFI:1nAvJZ:5pclD3infVoGYAuDUnI4oNmRloxCW937jOudLGvJUNo", "expire_date": "2022-02-04T14:54:57.269Z"}}, {"model": "sites.site", "pk": 1, "fields": {"domain": "example.com", "name": "example.com"}}, {"model": "account.emailaddress", "pk": 1, "fields": {"user": 1, "email": "codie18@gmail.com", "verified": true, "primary": true}}, {"model": "account.emailaddress", "pk": 6, "fields": {"user": 6, "email": "test@test.com", "verified": true, "primary": true}}, {"model": "vehicles.vehicleimages", "pk": 0, "fields": {"name": "ve67uto-1", "vehicle_name": 0, "image": "ve67uto-1.jpeg", "main": true}}, {"model": "vehicles.vehicleimages", "pk": 1, "fields": {"name": "ve67uto-2", "vehicle_name": 0, "image": "ve67uto-2.jpeg", "main": false}}, {"model": "vehicles.vehicleimages", "pk": 2, "fields": {"name": "ve67uto-3", "vehicle_name": 0, "image": "ve67uto-3.jpeg", "main": false}}, {"model": "vehicles.vehicleimages", "pk": 3, "fields": {"name": "ve67uto-4", "vehicle_name": 0, "image": "ve67uto-4.jpeg", "main": false}}, {"model": "vehicles.vehicleimages", "pk": 4, "fields": {"name": "ve67uto-5", "vehicle_name": 0, "image": "ve67uto-5.jpeg", "main": false}}, {"model": "vehicles.vehicleimages", "pk": 5, "fields": {"name": "ve67uto-6", "vehicle_name": 0, "image": "ve67uto-6.jpeg", "main": false}}, {"model": "vehicles.vehicleimages", "pk": 6, "fields": {"name": "ve67uto-7", "vehicle_name": 0, "image": "ve67uto-7.jpeg", "main": false}}, {"model": "vehicles.vehicleimages", "pk": 7, "fields": {"name": "ve67uto-8", "vehicle_name": 0, "image": "ve67uto-8.jpeg", "main": false}}, {"model": "vehicles.vehicleimages", "pk": 8, "fields": {"name": "ve67uto-9", "vehicle_name": 0, "image": "ve67uto-9.jpeg", "main": false}}, {"model": "vehicles.vehicleimages", "pk": 9, "fields": {"name": "dv64xug-1", "vehicle_name": 1, "image": "dv64xug-1.jpeg", "main": false}}, {"model": "vehicles.vehicleimages", "pk": 10, "fields": {"name": "dv64xug-2", "vehicle_name": 1, "image": "dv64xug-2.jpeg", "main": false}}, {"model": "vehicles.vehicleimages", "pk": 11, "fields": {"name": "dv64xug-3", "vehicle_name": 1, "image": "dv64xug-3.jpeg", "main": true}}, {"model": "vehicles.vehicleimages", "pk": 12, "fields": {"name": "dv64xug-4", "vehicle_name": 1, "image": "dv64xug-4.jpeg", "main": false}}, {"model": "vehicles.vehicleimages", "pk": 13, "fields": {"name": "dv64xug-5", "vehicle_name": 1, "image": "dv64xug-5.jpeg", "main": false}}, {"model": "vehicles.vehicleimages", "pk": 14, "fields": {"name": "dv64xug-6", "vehicle_name": 1, "image": "dv64xug-6.jpeg", "main": false}}, {"model": "vehicles.vehicleimages", "pk": 15, "fields": {"name": "dv64xug-7", "vehicle_name": 1, "image": "dv64xug-7.jpeg", "main": false}}, {"model": "vehicles.vehicleimages", "pk": 16, "fields": {"name": "dv64xug-8", "vehicle_name": 1, "image": "dv64xug-8.jpeg", "main": false}}, {"model": "vehicles.vehicleimages", "pk": 17, "fields": {"name": "dv64xug-9", "vehicle_name": 1, "image": "dv64xug-9.jpeg", "main": false}}, {"model": "vehicles.vehicleimages", "pk": 18, "fields": {"name": "ma58frx-1", "vehicle_name": 2, "image": "ma58frx-1.jpeg", "main": true}}, {"model": "vehicles.vehicleimages", "pk": 19, "fields": {"name": "ma58frx-2", "vehicle_name": 2, "image": "ma58frx-2.jpeg", "main": false}}, {"model": "vehicles.vehicleimages", "pk": 20, "fields": {"name": "ma58frx-3", "vehicle_name": 2, "image": "ma58frx-3.jpeg", "main": false}}, {"model": "vehicles.vehicleimages", "pk": 21, "fields": {"name": "ma58frx-4", "vehicle_name": 2, "image": "ma58frx-4.jpeg", "main": false}}, {"model": "vehicles.vehicleimages", "pk": 22, "fields": {"name": "ma58frx-5", "vehicle_name": 2, "image": "ma58frx-5.jpeg", "main": false}}, {"model": "vehicles.vehicleimages", "pk": 23, "fields": {"name": "ma58frx-6", "vehicle_name": 2, "image": "ma58frx-6.jpeg", "main": false}}, {"model": "vehicles.vehicleimages", "pk": 24, "fields": {"name": "ma58frx-7", "vehicle_name": 2, "image": "ma58frx-7.jpeg", "main": false}}, {"model": "vehicles.vehicleimages", "pk": 25, "fields": {"name": "ma58frx-8", "vehicle_name": 2, "image": "ma58frx-8.jpeg", "main": false}}, {"model": "vehicles.vehicleimages", "pk": 26, "fields": {"name": "ma58frx-9", "vehicle_name": 2, "image": "ma58frx-9.jpeg", "main": false}}, {"model": "vehicles.vehicleimages", "pk": 27, "fields": {"name": "ma58frx-10", "vehicle_name": 2, "image": "ma58frx-10.jpeg", "main": false}}, {"model": "vehicles.vehicleimages", "pk": 28, "fields": {"name": "ma58frx-11", "vehicle_name": 2, "image": "ma58frx-11.jpeg", "main": false}}, {"model": "vehicles.vehicleimages", "pk": 29, "fields": {"name": "lx15zpu-1", "vehicle_name": 3, "image": "lx15zpu-1.jpeg", "main": true}}, {"model": "vehicles.vehicleimages", "pk": 30, "fields": {"name": "lx15zpu-2", "vehicle_name": 3, "image": "lx15zpu-2.jpeg", "main": false}}, {"model": "vehicles.vehicleimages", "pk": 31, "fields": {"name": "lx15zpu-3", "vehicle_name": 3, "image": "lx15zpu-3.jpeg", "main": false}}, {"model": "vehicles.vehicleimages", "pk": 32, "fields": {"name": "lx15zpu-4", "vehicle_name": 3, "image": "lx15zpu-4.jpeg", "main": false}}, {"model": "vehicles.vehicleimages", "pk": 33, "fields": {"name": "lx15zpu-5", "vehicle_name": 3, "image": "lx15zpu-5.jpeg", "main": false}}, {"model": "vehicles.vehicleimages", "pk": 34, "fields": {"name": "lx15zpu-6", "vehicle_name": 3, "image": "lx15zpu-6.jpeg", "main": false}}, {"model": "vehicles.vehicleimages", "pk": 35, "fields": {"name": "lx15zpu-7", "vehicle_name": 3, "image": "lx15zpu-7.jpeg", "main": false}}, {"model": "vehicles.vehicleimages", "pk": 36, "fields": {"name": "lx15zpu-8", "vehicle_name": 3, "image": "lx15zpu-8.jpeg", "main": false}}, {"model": "vehicles.vehicleimages", "pk": 37, "fields": {"name": "sm64mty-1", "vehicle_name": 4, "image": "sm64mty-1.jpeg", "main": true}}, {"model": "vehicles.vehicleimages", "pk": 38, "fields": {"name": "sm64mty-2", "vehicle_name": 4, "image": "sm64mty-2.jpeg", "main": false}}, {"model": "vehicles.vehicleimages", "pk": 39, "fields": {"name": "sm64mty-3", "vehicle_name": 4, "image": "sm64mty-3.jpeg", "main": false}}, {"model": "vehicles.vehicleimages", "pk": 40, "fields": {"name": "sm64mty-4", "vehicle_name": 4, "image": "sm64mty-4.jpeg", "main": false}}, {"model": "vehicles.vehicleimages", "pk": 41, "fields": {"name": "sm64mty-5", "vehicle_name": 4, "image": "sm64mty-5.jpeg", "main": false}}, {"model": "vehicles.vehicleimages", "pk": 42, "fields": {"name": "sm64mty-6", "vehicle_name": 4, "image": "sm64mty-6.jpeg", "main": false}}, {"model": "vehicles.vehicleimages", "pk": 43, "fields": {"name": "sm64mty-7", "vehicle_name": 4, "image": "sm64mty-7.jpeg", "main": false}}, {"model": "vehicles.vehicleimages", "pk": 60, "fields": {"name": "bg69jjk-0", "vehicle_name": 7, "image": "bg69jjk-1.jpeg", "main": true}}, {"model": "vehicles.vehicleimages", "pk": 61, "fields": {"name": "bg69jjk-1", "vehicle_name": 7, "image": "bg69jjk-2.jpeg", "main": false}}, {"model": "vehicles.vehicleimages", "pk": 62, "fields": {"name": "bg69jjk-2", "vehicle_name": 7, "image": "bg69jjk-3.jpeg", "main": false}}, {"model": "vehicles.vehicleimages", "pk": 63, "fields": {"name": "bg69jjk-3", "vehicle_name": 7, "image": "bg69jjk-4.jpeg", "main": false}}, {"model": "vehicles.vehicleimages", "pk": 64, "fields": {"name": "bg69jjk-4", "vehicle_name": 7, "image": "bg69jjk-5.jpeg", "main": false}}, {"model": "vehicles.vehicleimages", "pk": 65, "fields": {"name": "bg69jjk-5", "vehicle_name": 7, "image": "bg69jjk-6.jpeg", "main": false}}, {"model": "vehicles.vehicleimages", "pk": 66, "fields": {"name": "bg69jjk-6", "vehicle_name": 7, "image": "bg69jjk-7.jpeg", "main": false}}, {"model": "vehicles.vehicleimages", "pk": 67, "fields": {"name": "bg69jjk-7", "vehicle_name": 7, "image": "bg69jjk-8.jpeg", "main": false}}, {"model": "vehicles.vehicleimages", "pk": 68, "fields": {"name": "bg69jjk-8", "vehicle_name": 7, "image": "bg69jjk-9.jpeg", "main": false}}, {"model": "vehicles.vehicleimages", "pk": 69, "fields": {"name": "bp16suf-0", "vehicle_name": 8, "image": "bp16suf-1.jpeg", "main": true}}, {"model": "vehicles.vehicleimages", "pk": 70, "fields": {"name": "bp16suf-1", "vehicle_name": 8, "image": "bp16suf-2.jpeg", "main": false}}, {"model": "vehicles.vehicleimages", "pk": 71, "fields": {"name": "bp16suf-2", "vehicle_name": 8, "image": "bp16suf-3.jpeg", "main": false}}, {"model": "vehicles.vehicleimages", "pk": 72, "fields": {"name": "bp16suf-3", "vehicle_name": 8, "image": "bp16suf-4.jpeg", "main": false}}, {"model": "vehicles.vehicleimages", "pk": 73, "fields": {"name": "bp16suf-4", "vehicle_name": 8, "image": "bp16suf-5.jpeg", "main": false}}, {"model": "vehicles.vehicleimages", "pk": 74, "fields": {"name": "bp16suf-5", "vehicle_name": 8, "image": "bp16suf-6.jpeg", "main": false}}, {"model": "vehicles.vehicleimages", "pk": 75, "fields": {"name": "bp16suf-6", "vehicle_name": 8, "image": "bp16suf-7.jpeg", "main": false}}, {"model": "vehicles.vehicleimages", "pk": 76, "fields": {"name": "bp16suf-7", "vehicle_name": 8, "image": "bp16suf-8.jpeg", "main": false}}, {"model": "vehicles.vehicleimages", "pk": 77, "fields": {"name": "bp16suf-8", "vehicle_name": 8, "image": "bp16suf-9.jpeg", "main": false}}, {"model": "vehicles.vehicleimages", "pk": 78, "fields": {"name": "ce15xpo-0", "vehicle_name": 9, "image": "ce15xpo-1.jpeg", "main": true}}, {"model": "vehicles.vehicleimages", "pk": 79, "fields": {"name": "ce15xpo-1", "vehicle_name": 9, "image": "ce15xpo-2.jpeg", "main": false}}, {"model": "vehicles.vehicleimages", "pk": 80, "fields": {"name": "ce15xpo-2", "vehicle_name": 9, "image": "ce15xpo-3.jpeg", "main": false}}, {"model": "vehicles.vehicleimages", "pk": 81, "fields": {"name": "ce15xpo-3", "vehicle_name": 9, "image": "ce15xpo-4.jpeg", "main": false}}, {"model": "vehicles.vehicleimages", "pk": 82, "fields": {"name": "ce15xpo-4", "vehicle_name": 9, "image": "ce15xpo-5.jpeg", "main": false}}, {"model": "vehicles.vehicleimages", "pk": 83, "fields": {"name": "ce15xpo-5", "vehicle_name": 9, "image": "ce15xpo-6.jpeg", "main": false}}, {"model": "vehicles.vehicleimages", "pk": 84, "fields": {"name": "ce15xpo-6", "vehicle_name": 9, "image": "ce15xpo-7.jpeg", "main": false}}, {"model": "vehicles.vehicleimages", "pk": 85, "fields": {"name": "cp17mhz-0", "vehicle_name": 10, "image": "cp17mhz-1.jpeg", "main": true}}, {"model": "vehicles.vehicleimages", "pk": 86, "fields": {"name": "cp17mhz-1", "vehicle_name": 10, "image": "cp17mhz-2.jpeg", "main": false}}, {"model": "vehicles.vehicleimages", "pk": 87, "fields": {"name": "cp17mhz-2", "vehicle_name": 10, "image": "cp17mhz-3.jpeg", "main": false}}, {"model": "vehicles.vehicleimages", "pk": 88, "fields": {"name": "cp17mhz-3", "vehicle_name": 10, "image": "cp17mhz-4.jpeg", "main": false}}, {"model": "vehicles.vehicleimages", "pk": 89, "fields": {"name": "cp17mhz-4", "vehicle_name": 10, "image": "cp17mhz-5.jpeg", "main": false}}, {"model": "vehicles.vehicleimages", "pk": 90, "fields": {"name": "cp17mhz-5", "vehicle_name": 10, "image": "cp17mhz-6.jpeg", "main": false}}, {"model": "vehicles.vehicleimages", "pk": 91, "fields": {"name": "cp17mhz-6", "vehicle_name": 10, "image": "cp17mhz-7.jpeg", "main": false}}, {"model": "vehicles.vehicleimages", "pk": 92, "fields": {"name": "cy66oho-0", "vehicle_name": 11, "image": "cy66oho-1.jpeg", "main": true}}, {"model": "vehicles.vehicleimages", "pk": 93, "fields": {"name": "cy66oho-1", "vehicle_name": 11, "image": "cy66oho-2.jpeg", "main": false}}, {"model": "vehicles.vehicleimages", "pk": 94, "fields": {"name": "cy66oho-2", "vehicle_name": 11, "image": "cy66oho-3.jpeg", "main": false}}, {"model": "vehicles.vehicleimages", "pk": 95, "fields": {"name": "cy66oho-3", "vehicle_name": 11, "image": "cy66oho-4.jpeg", "main": false}}, {"model": "vehicles.vehicleimages", "pk": 96, "fields": {"name": "cy66oho-4", "vehicle_name": 11, "image": "cy66oho-5.jpeg", "main": false}}, {"model": "vehicles.vehicleimages", "pk": 97, "fields": {"name": "cy66oho-5", "vehicle_name": 11, "image": "cy66oho-6.jpeg", "main": false}}, {"model": "vehicles.vehicleimages", "pk": 98, "fields": {"name": "cy66oho-6", "vehicle_name": 11, "image": "cy66oho-7.jpeg", "main": false}}, {"model": "vehicles.vehicleimages", "pk": 99, "fields": {"name": "cy66oho-7", "vehicle_name": 11, "image": "cy66oho-8.jpeg", "main": false}}, {"model": "vehicles.vehicleimages", "pk": 100, "fields": {"name": "cy66oho-8", "vehicle_name": 11, "image": "cy66oho-9.jpeg", "main": false}}, {"model": "vehicles.vehicleimages", "pk": 101, "fields": {"name": "du15mlv-0", "vehicle_name": 12, "image": "du15mlv-1.jpeg", "main": true}}, {"model": "vehicles.vehicleimages", "pk": 102, "fields": {"name": "du15mlv-1", "vehicle_name": 12, "image": "du15mlv-2.jpeg", "main": false}}, {"model": "vehicles.vehicleimages", "pk": 103, "fields": {"name": "du15mlv-2", "vehicle_name": 12, "image": "du15mlv-3.jpeg", "main": false}}, {"model": "vehicles.vehicleimages", "pk": 104, "fields": {"name": "du15mlv-3", "vehicle_name": 12, "image": "du15mlv-4.jpeg", "main": false}}, {"model": "vehicles.vehicleimages", "pk": 105, "fields": {"name": "du15mlv-4", "vehicle_name": 12, "image": "du15mlv-5.jpeg", "main": false}}, {"model": "vehicles.vehicleimages", "pk": 106, "fields": {"name": "du15mlv-5", "vehicle_name": 12, "image": "du15mlv-6.jpeg", "main": false}}, {"model": "vehicles.vehicleimages", "pk": 107, "fields": {"name": "du15mlv-6", "vehicle_name": 12, "image": "du15mlv-7.jpeg", "main": false}}, {"model": "vehicles.vehicleimages", "pk": 108, "fields": {"name": "du15mlv-7", "vehicle_name": 12, "image": "du15mlv-8.jpeg", "main": false}}, {"model": "vehicles.vehicleimages", "pk": 109, "fields": {"name": "du15mlv-8", "vehicle_name": 12, "image": "du15mlv-9.jpeg", "main": false}}, {"model": "vehicles.vehicleimages", "pk": 110, "fields": {"name": "ey15ehb-0", "vehicle_name": 13, "image": "ey15ehb-1.jpeg", "main": true}}, {"model": "vehicles.vehicleimages", "pk": 111, "fields": {"name": "ey15ehb-1", "vehicle_name": 13, "image": "ey15ehb-2.jpeg", "main": false}}, {"model": "vehicles.vehicleimages", "pk": 112, "fields": {"name": "ey15ehb-2", "vehicle_name": 13, "image": "ey15ehb-3.jpeg", "main": false}}, {"model": "vehicles.vehicleimages", "pk": 113, "fields": {"name": "ey15ehb-3", "vehicle_name": 13, "image": "ey15ehb-4.jpeg", "main": false}}, {"model": "vehicles.vehicleimages", "pk": 114, "fields": {"name": "ey15ehb-4", "vehicle_name": 13, "image": "ey15ehb-5.jpeg", "main": false}}, {"model": "vehicles.vehicleimages", "pk": 115, "fields": {"name": "ey15ehb-5", "vehicle_name": 13, "image": "ey15ehb-6.jpeg", "main": false}}, {"model": "vehicles.vehicleimages", "pk": 116, "fields": {"name": "fh15rvu-0", "vehicle_name": 14, "image": "fh15rvu-1.jpeg", "main": true}}, {"model": "vehicles.vehicleimages", "pk": 117, "fields": {"name": "fh15rvu-1", "vehicle_name": 14, "image": "fh15rvu-2.jpeg", "main": false}}, {"model": "vehicles.vehicleimages", "pk": 118, "fields": {"name": "fh15rvu-2", "vehicle_name": 14, "image": "fh15rvu-3.jpeg", "main": false}}, {"model": "vehicles.vehicleimages", "pk": 119, "fields": {"name": "fh15rvu-3", "vehicle_name": 14, "image": "fh15rvu-4.jpeg", "main": false}}, {"model": "vehicles.vehicleimages", "pk": 120, "fields": {"name": "fh15rvu-4", "vehicle_name": 14, "image": "fh15rvu-5.jpeg", "main": false}}, {"model": "vehicles.vehicleimages", "pk": 121, "fields": {"name": "fh15rvu-5", "vehicle_name": 14, "image": "fh15rvu-6.jpeg", "main": false}}, {"model": "vehicles.vehicleimages", "pk": 122, "fields": {"name": "fh15rvu-6", "vehicle_name": 14, "image": "fh15rvu-7.jpeg", "main": false}}, {"model": "vehicles.vehicleimages", "pk": 123, "fields": {"name": "fh15rvu-7", "vehicle_name": 14, "image": "fh15rvu-8.jpeg", "main": false}}, {"model": "vehicles.vehicleimages", "pk": 124, "fields": {"name": "fh15rvu-8", "vehicle_name": 14, "image": "fh15rvu-9.jpeg", "main": false}}, {"model": "vehicles.vehicleimages", "pk": 125, "fields": {"name": "fh66blz-0", "vehicle_name": 15, "image": "fh66blz-1.jpeg", "main": true}}, {"model": "vehicles.vehicleimages", "pk": 126, "fields": {"name": "fh66blz-1", "vehicle_name": 15, "image": "fh66blz-2.jpeg", "main": false}}, {"model": "vehicles.vehicleimages", "pk": 127, "fields": {"name": "fh66blz-2", "vehicle_name": 15, "image": "fh66blz-3.jpeg", "main": false}}, {"model": "vehicles.vehicleimages", "pk": 128, "fields": {"name": "fh66blz-3", "vehicle_name": 15, "image": "fh66blz-4.jpeg", "main": false}}, {"model": "vehicles.vehicleimages", "pk": 129, "fields": {"name": "fh66blz-4", "vehicle_name": 15, "image": "fh66blz-5.jpeg", "main": false}}, {"model": "vehicles.vehicleimages", "pk": 130, "fields": {"name": "fh66blz-5", "vehicle_name": 15, "image": "fh66blz-6.jpeg", "main": false}}, {"model": "vehicles.vehicleimages", "pk": 131, "fields": {"name": "fh66blz-6", "vehicle_name": 15, "image": "fh66blz-7.jpeg", "main": false}}, {"model": "vehicles.vehicleimages", "pk": 132, "fields": {"name": "fh66blz-7", "vehicle_name": 15, "image": "fh66blz-8.jpeg", "main": false}}, {"model": "vehicles.vehicleimages", "pk": 133, "fields": {"name": "fh66blz-8", "vehicle_name": 15, "image": "fh66blz-9.jpeg", "main": false}}, {"model": "vehicles.vehicleimages", "pk": 134, "fields": {"name": "fm17dtn-0", "vehicle_name": 16, "image": "fm17dtn-1.jpeg", "main": true}}, {"model": "vehicles.vehicleimages", "pk": 135, "fields": {"name": "fm17dtn-1", "vehicle_name": 16, "image": "fm17dtn-2.jpeg", "main": false}}, {"model": "vehicles.vehicleimages", "pk": 136, "fields": {"name": "fm17dtn-2", "vehicle_name": 16, "image": "fm17dtn-3.jpeg", "main": false}}, {"model": "vehicles.vehicleimages", "pk": 137, "fields": {"name": "fm17dtn-3", "vehicle_name": 16, "image": "fm17dtn-4.jpeg", "main": false}}, {"model": "vehicles.vehicleimages", "pk": 138, "fields": {"name": "fm17dtn-4", "vehicle_name": 16, "image": "fm17dtn-5.jpeg", "main": false}}, {"model": "vehicles.vehicleimages", "pk": 139, "fields": {"name": "fm17dtn-5", "vehicle_name": 16, "image": "fm17dtn-6.jpeg", "main": false}}, {"model": "vehicles.vehicleimages", "pk": 140, "fields": {"name": "fm17dtn-6", "vehicle_name": 16, "image": "fm17dtn-7.jpeg", "main": false}}, {"model": "vehicles.vehicleimages", "pk": 141, "fields": {"name": "fm17dtn-7", "vehicle_name": 16, "image": "fm17dtn-8.jpeg", "main": false}}, {"model": "vehicles.vehicleimages", "pk": 142, "fields": {"name": "fm17dtn-8", "vehicle_name": 16, "image": "fm17dtn-9.jpeg", "main": false}}, {"model": "vehicles.vehicleimages", "pk": 143, "fields": {"name": "hk66osn-0", "vehicle_name": 17, "image": "hk66osn-1.jpeg", "main": true}}, {"model": "vehicles.vehicleimages", "pk": 144, "fields": {"name": "hk66osn-1", "vehicle_name": 17, "image": "hk66osn-2.jpeg", "main": false}}, {"model": "vehicles.vehicleimages", "pk": 145, "fields": {"name": "hk66osn-2", "vehicle_name": 17, "image": "hk66osn-3.jpeg", "main": false}}, {"model": "vehicles.vehicleimages", "pk": 146, "fields": {"name": "hk66osn-3", "vehicle_name": 17, "image": "hk66osn-4.jpeg", "main": false}}, {"model": "vehicles.vehicleimages", "pk": 147, "fields": {"name": "hk66osn-4", "vehicle_name": 17, "image": "hk66osn-5.jpeg", "main": false}}, {"model": "vehicles.vehicleimages", "pk": 148, "fields": {"name": "hk66osn-5", "vehicle_name": 17, "image": "hk66osn-6.jpeg", "main": false}}, {"model": "vehicles.vehicleimages", "pk": 149, "fields": {"name": "hk66osn-6", "vehicle_name": 17, "image": "hk66osn-7.jpeg", "main": false}}, {"model": "vehicles.vehicleimages", "pk": 150, "fields": {"name": "hk66osn-7", "vehicle_name": 17, "image": "hk66osn-8.jpeg", "main": false}}, {"model": "vehicles.vehicleimages", "pk": 151, "fields": {"name": "hk66osn-8", "vehicle_name": 17, "image": "hk66osn-9.jpeg", "main": false}}, {"model": "vehicles.vehicleimages", "pk": 152, "fields": {"name": "hv15fcp-0", "vehicle_name": 18, "image": "hv15fcp-1.jpeg", "main": true}}, {"model": "vehicles.vehicleimages", "pk": 153, "fields": {"name": "hv15fcp-1", "vehicle_name": 18, "image": "hv15fcp-2.jpeg", "main": false}}, {"model": "vehicles.vehicleimages", "pk": 154, "fields": {"name": "hv15fcp-2", "vehicle_name": 18, "image": "hv15fcp-3.jpeg", "main": false}}, {"model": "vehicles.vehicleimages", "pk": 155, "fields": {"name": "hv15fcp-3", "vehicle_name": 18, "image": "hv15fcp-4.jpeg", "main": false}}, {"model": "vehicles.vehicleimages", "pk": 156, "fields": {"name": "hv15fcp-4", "vehicle_name": 18, "image": "hv15fcp-5.jpeg", "main": false}}, {"model": "vehicles.vehicleimages", "pk": 157, "fields": {"name": "hv15fcp-5", "vehicle_name": 18, "image": "hv15fcp-6.jpeg", "main": false}}, {"model": "vehicles.vehicleimages", "pk": 158, "fields": {"name": "hv15fcp-6", "vehicle_name": 18, "image": "hv15fcp-7.jpeg", "main": false}}, {"model": "vehicles.vehicleimages", "pk": 159, "fields": {"name": "hv15fcp-7", "vehicle_name": 18, "image": "hv15fcp-8.jpeg", "main": false}}, {"model": "vehicles.vehicleimages", "pk": 160, "fields": {"name": "hv15fcp-8", "vehicle_name": 18, "image": "hv15fcp-9.jpeg", "main": false}}, {"model": "vehicles.vehicleimages", "pk": 161, "fields": {"name": "hy65umv-0", "vehicle_name": 19, "image": "hy65umv-1.jpeg", "main": true}}, {"model": "vehicles.vehicleimages", "pk": 162, "fields": {"name": "hy65umv-1", "vehicle_name": 19, "image": "hy65umv-2.jpeg", "main": false}}, {"model": "vehicles.vehicleimages", "pk": 163, "fields": {"name": "hy65umv-2", "vehicle_name": 19, "image": "hy65umv-3.jpeg", "main": false}}, {"model": "vehicles.vehicleimages", "pk": 164, "fields": {"name": "hy65umv-3", "vehicle_name": 19, "image": "hy65umv-4.jpeg", "main": false}}, {"model": "vehicles.vehicleimages", "pk": 165, "fields": {"name": "hy65umv-4", "vehicle_name": 19, "image": "hy65umv-5.jpeg", "main": false}}, {"model": "vehicles.vehicleimages", "pk": 166, "fields": {"name": "hy65umv-5", "vehicle_name": 19, "image": "hy65umv-6.jpeg", "main": false}}, {"model": "vehicles.vehicleimages", "pk": 167, "fields": {"name": "hy65umv-6", "vehicle_name": 19, "image": "hy65umv-7.jpeg", "main": false}}, {"model": "vehicles.vehicleimages", "pk": 168, "fields": {"name": "hy65umv-7", "vehicle_name": 19, "image": "hy65umv-8.jpeg", "main": false}}, {"model": "vehicles.vehicleimages", "pk": 169, "fields": {"name": "hy65umv-8", "vehicle_name": 19, "image": "hy65umv-9.jpeg", "main": false}}, {"model": "vehicles.vehicleimages", "pk": 170, "fields": {"name": "ke18xnr-0", "vehicle_name": 20, "image": "ke18xnr-1.jpeg", "main": true}}, {"model": "vehicles.vehicleimages", "pk": 171, "fields": {"name": "ke18xnr-1", "vehicle_name": 20, "image": "ke18xnr-2.jpeg", "main": false}}, {"model": "vehicles.vehicleimages", "pk": 172, "fields": {"name": "ke18xnr-2", "vehicle_name": 20, "image": "ke18xnr-3.jpeg", "main": false}}, {"model": "vehicles.vehicleimages", "pk": 173, "fields": {"name": "ke18xnr-3", "vehicle_name": 20, "image": "ke18xnr-4.jpeg", "main": false}}, {"model": "vehicles.vehicleimages", "pk": 174, "fields": {"name": "ke18xnr-4", "vehicle_name": 20, "image": "ke18xnr-5.jpeg", "main": false}}, {"model": "vehicles.vehicleimages", "pk": 175, "fields": {"name": "ke18xnr-5", "vehicle_name": 20, "image": "ke18xnr-6.jpeg", "main": false}}, {"model": "vehicles.vehicleimages", "pk": 176, "fields": {"name": "ke18xnr-6", "vehicle_name": 20, "image": "ke18xnr-7.jpeg", "main": false}}, {"model": "vehicles.vehicleimages", "pk": 177, "fields": {"name": "ke18xnr-7", "vehicle_name": 20, "image": "ke18xnr-8.jpeg", "main": false}}, {"model": "vehicles.vehicleimages", "pk": 178, "fields": {"name": "ke18xnr-8", "vehicle_name": 20, "image": "ke18xnr-9.jpeg", "main": false}}, {"model": "vehicles.vehicleimages", "pk": 179, "fields": {"name": "kt66xmr-0", "vehicle_name": 21, "image": "kt66xmr-1.jpeg", "main": true}}, {"model": "vehicles.vehicleimages", "pk": 180, "fields": {"name": "kt66xmr-1", "vehicle_name": 21, "image": "kt66xmr-2.jpeg", "main": false}}, {"model": "vehicles.vehicleimages", "pk": 181, "fields": {"name": "kt66xmr-2", "vehicle_name": 21, "image": "kt66xmr-3.jpeg", "main": false}}, {"model": "vehicles.vehicleimages", "pk": 182, "fields": {"name": "kt66xmr-3", "vehicle_name": 21, "image": "kt66xmr-4.jpeg", "main": false}}, {"model": "vehicles.vehicleimages", "pk": 183, "fields": {"name": "kt66xmr-4", "vehicle_name": 21, "image": "kt66xmr-5.jpeg", "main": false}}, {"model": "vehicles.vehicleimages", "pk": 184, "fields": {"name": "kt66xmr-5", "vehicle_name": 21, "image": "kt66xmr-6.jpeg", "main": false}}, {"model": "vehicles.vehicleimages", "pk": 185, "fields": {"name": "kt66xmr-6", "vehicle_name": 21, "image": "kt66xmr-7.jpeg", "main": false}}, {"model": "vehicles.vehicleimages", "pk": 186, "fields": {"name": "kt66xmr-7", "vehicle_name": 21, "image": "kt66xmr-8.jpeg", "main": false}}, {"model": "vehicles.vehicleimages", "pk": 187, "fields": {"name": "kt66xmr-8", "vehicle_name": 21, "image": "kt66xmr-9.jpeg", "main": false}}, {"model": "vehicles.vehicleimages", "pk": 188, "fields": {"name": "lv16xlw-0", "vehicle_name": 22, "image": "lv16xlw-1.jpeg", "main": false}}, {"model": "vehicles.vehicleimages", "pk": 189, "fields": {"name": "lv16xlw-1", "vehicle_name": 22, "image": "lv16xlw-2.jpeg", "main": true}}, {"model": "vehicles.vehicleimages", "pk": 190, "fields": {"name": "lv16xlw-2", "vehicle_name": 22, "image": "lv16xlw-3.jpeg", "main": false}}, {"model": "vehicles.vehicleimages", "pk": 191, "fields": {"name": "lv16xlw-3", "vehicle_name": 22, "image": "lv16xlw-4.jpeg", "main": false}}, {"model": "vehicles.vehicleimages", "pk": 192, "fields": {"name": "lv16xlw-4", "vehicle_name": 22, "image": "lv16xlw-5.jpeg", "main": false}}, {"model": "vehicles.vehicleimages", "pk": 193, "fields": {"name": "lv16xlw-5", "vehicle_name": 22, "image": "lv16xlw-6.jpeg", "main": false}}, {"model": "vehicles.vehicleimages", "pk": 194, "fields": {"name": "lv16xlw-6", "vehicle_name": 22, "image": "lv16xlw-7.jpeg", "main": false}}, {"model": "vehicles.vehicleimages", "pk": 195, "fields": {"name": "lv16xlw-7", "vehicle_name": 22, "image": "lv16xlw-8.jpeg", "main": false}}, {"model": "vehicles.vehicleimages", "pk": 196, "fields": {"name": "lv16xlw-8", "vehicle_name": 22, "image": "lv16xlw-9.jpeg", "main": false}}, {"model": "vehicles.vehicleimages", "pk": 197, "fields": {"name": "mj18dxt-0", "vehicle_name": 23, "image": "mj18dxt-1.jpeg", "main": true}}, {"model": "vehicles.vehicleimages", "pk": 198, "fields": {"name": "mj18dxt-1", "vehicle_name": 23, "image": "mj18dxt-2.jpeg", "main": false}}, {"model": "vehicles.vehicleimages", "pk": 199, "fields": {"name": "mj18dxt-2", "vehicle_name": 23, "image": "mj18dxt-3.jpeg", "main": false}}, {"model": "vehicles.vehicleimages", "pk": 200, "fields": {"name": "mj18dxt-3", "vehicle_name": 23, "image": "mj18dxt-4.jpeg", "main": false}}, {"model": "vehicles.vehicleimages", "pk": 201, "fields": {"name": "mj18dxt-4", "vehicle_name": 23, "image": "mj18dxt-5.jpeg", "main": false}}, {"model": "vehicles.vehicleimages", "pk": 202, "fields": {"name": "mj18dxt-5", "vehicle_name": 23, "image": "mj18dxt-6.jpeg", "main": false}}, {"model": "vehicles.vehicleimages", "pk": 203, "fields": {"name": "mj18dxt-6", "vehicle_name": 23, "image": "mj18dxt-7.jpeg", "main": false}}, {"model": "vehicles.vehicleimages", "pk": 204, "fields": {"name": "mj18dxt-7", "vehicle_name": 23, "image": "mj18dxt-8.jpeg", "main": false}}, {"model": "vehicles.vehicleimages", "pk": 205, "fields": {"name": "mj18dxt-8", "vehicle_name": 23, "image": "mj18dxt-9.jpeg", "main": false}}, {"model": "vehicles.vehicleimages", "pk": 206, "fields": {"name": "mw15rke-0", "vehicle_name": 24, "image": "mw15rke-1.jpeg", "main": true}}, {"model": "vehicles.vehicleimages", "pk": 207, "fields": {"name": "mw15rke-1", "vehicle_name": 24, "image": "mw15rke-2.jpeg", "main": false}}, {"model": "vehicles.vehicleimages", "pk": 208, "fields": {"name": "mw15rke-2", "vehicle_name": 24, "image": "mw15rke-3.jpeg", "main": false}}, {"model": "vehicles.vehicleimages", "pk": 209, "fields": {"name": "mw15rke-3", "vehicle_name": 24, "image": "mw15rke-4.jpeg", "main": false}}, {"model": "vehicles.vehicleimages", "pk": 210, "fields": {"name": "mw15rke-4", "vehicle_name": 24, "image": "mw15rke-5.jpeg", "main": false}}, {"model": "vehicles.vehicleimages", "pk": 211, "fields": {"name": "mw15rke-5", "vehicle_name": 24, "image": "mw15rke-6.jpeg", "main": false}}, {"model": "vehicles.vehicleimages", "pk": 212, "fields": {"name": "mw15rke-6", "vehicle_name": 24, "image": "mw15rke-7.jpeg", "main": false}}, {"model": "vehicles.vehicleimages", "pk": 213, "fields": {"name": "mw15rke-7", "vehicle_name": 24, "image": "mw15rke-8.jpeg", "main": false}}, {"model": "vehicles.vehicleimages", "pk": 214, "fields": {"name": "mw15rke-8", "vehicle_name": 24, "image": "mw15rke-9.jpeg", "main": false}}, {"model": "vehicles.vehicleimages", "pk": 215, "fields": {"name": "pl16ncd-0", "vehicle_name": 25, "image": "pl16ncd-1.jpeg", "main": true}}, {"model": "vehicles.vehicleimages", "pk": 216, "fields": {"name": "pl16ncd-1", "vehicle_name": 25, "image": "pl16ncd-2.jpeg", "main": false}}, {"model": "vehicles.vehicleimages", "pk": 217, "fields": {"name": "pl16ncd-2", "vehicle_name": 25, "image": "pl16ncd-3.jpeg", "main": false}}, {"model": "vehicles.vehicleimages", "pk": 218, "fields": {"name": "pl16ncd-3", "vehicle_name": 25, "image": "pl16ncd-4.jpeg", "main": false}}, {"model": "vehicles.vehicleimages", "pk": 219, "fields": {"name": "pl16ncd-4", "vehicle_name": 25, "image": "pl16ncd-5.jpeg", "main": false}}, {"model": "vehicles.vehicleimages", "pk": 220, "fields": {"name": "pl16ncd-5", "vehicle_name": 25, "image": "pl16ncd-6.jpeg", "main": false}}, {"model": "vehicles.vehicleimages", "pk": 221, "fields": {"name": "px71ynb-0", "vehicle_name": 26, "image": "px71ynb-1.jpeg", "main": true}}, {"model": "vehicles.vehicleimages", "pk": 222, "fields": {"name": "px71ynb-1", "vehicle_name": 26, "image": "px71ynb-2.jpeg", "main": false}}, {"model": "vehicles.vehicleimages", "pk": 223, "fields": {"name": "px71ynb-2", "vehicle_name": 26, "image": "px71ynb-3.jpeg", "main": false}}, {"model": "vehicles.vehicleimages", "pk": 224, "fields": {"name": "px71ynb-3", "vehicle_name": 26, "image": "px71ynb-4.jpeg", "main": false}}, {"model": "vehicles.vehicleimages", "pk": 225, "fields": {"name": "px71ynb-4", "vehicle_name": 26, "image": "px71ynb-5.jpeg", "main": false}}, {"model": "vehicles.vehicleimages", "pk": 226, "fields": {"name": "px71ynb-5", "vehicle_name": 26, "image": "px71ynb-6.jpeg", "main": false}}, {"model": "vehicles.vehicleimages", "pk": 227, "fields": {"name": "px71ynb-6", "vehicle_name": 26, "image": "px71ynb-7.jpeg", "main": false}}, {"model": "vehicles.vehicleimages", "pk": 228, "fields": {"name": "px71ynb-7", "vehicle_name": 26, "image": "px71ynb-8.jpeg", "main": false}}, {"model": "vehicles.vehicleimages", "pk": 229, "fields": {"name": "px71ynb-8", "vehicle_name": 26, "image": "px71ynb-9.jpeg", "main": false}}, {"model": "vehicles.vehicleimages", "pk": 230, "fields": {"name": "se64lxg-0", "vehicle_name": 27, "image": "se64lxg-1.jpeg", "main": true}}, {"model": "vehicles.vehicleimages", "pk": 231, "fields": {"name": "se64lxg-1", "vehicle_name": 27, "image": "se64lxg-2.jpeg", "main": false}}, {"model": "vehicles.vehicleimages", "pk": 232, "fields": {"name": "se64lxg-2", "vehicle_name": 27, "image": "se64lxg-3.jpeg", "main": false}}, {"model": "vehicles.vehicleimages", "pk": 233, "fields": {"name": "se64lxg-3", "vehicle_name": 27, "image": "se64lxg-4.jpeg", "main": false}}, {"model": "vehicles.vehicleimages", "pk": 234, "fields": {"name": "se64lxg-4", "vehicle_name": 27, "image": "se64lxg-5.jpeg", "main": false}}, {"model": "vehicles.vehicleimages", "pk": 235, "fields": {"name": "se64lxg-5", "vehicle_name": 27, "image": "se64lxg-6.jpeg", "main": false}}, {"model": "vehicles.vehicleimages", "pk": 236, "fields": {"name": "se64lxg-6", "vehicle_name": 27, "image": "se64lxg-7.jpeg", "main": false}}, {"model": "vehicles.vehicleimages", "pk": 237, "fields": {"name": "se64lxg-7", "vehicle_name": 27, "image": "se64lxg-8.jpeg", "main": false}}, {"model": "vehicles.vehicleimages", "pk": 238, "fields": {"name": "sv70ysd-0", "vehicle_name": 28, "image": "sv70ysd-1.jpeg", "main": true}}, {"model": "vehicles.vehicleimages", "pk": 239, "fields": {"name": "sv70ysd-1", "vehicle_name": 28, "image": "sv70ysd-2.jpeg", "main": false}}, {"model": "vehicles.vehicleimages", "pk": 240, "fields": {"name": "sv70ysd-2", "vehicle_name": 28, "image": "sv70ysd-3.jpeg", "main": false}}, {"model": "vehicles.vehicleimages", "pk": 241, "fields": {"name": "sv70ysd-3", "vehicle_name": 28, "image": "sv70ysd-4.jpeg", "main": false}}, {"model": "vehicles.vehicleimages", "pk": 242, "fields": {"name": "sv70ysd-4", "vehicle_name": 28, "image": "sv70ysd-5.jpeg", "main": false}}, {"model": "vehicles.vehicleimages", "pk": 243, "fields": {"name": "sv70ysd-5", "vehicle_name": 28, "image": "sv70ysd-6.jpeg", "main": false}}, {"model": "vehicles.vehicleimages", "pk": 244, "fields": {"name": "sv70ysd-6", "vehicle_name": 28, "image": "sv70ysd-7.jpeg", "main": false}}, {"model": "vehicles.vehicleimages", "pk": 245, "fields": {"name": "sv70ysd-7", "vehicle_name": 28, "image": "sv70ysd-8.jpeg", "main": false}}, {"model": "vehicles.vehicleimages", "pk": 246, "fields": {"name": "sv70ysd-8", "vehicle_name": 28, "image": "sv70ysd-9.jpeg", "main": false}}, {"model": "vehicles.vehicleimages", "pk": 247, "fields": {"name": "vk67uzv-0", "vehicle_name": 29, "image": "vk67uzv-1.jpeg", "main": true}}, {"model": "vehicles.vehicleimages", "pk": 248, "fields": {"name": "vk67uzv-1", "vehicle_name": 29, "image": "vk67uzv-2.jpeg", "main": false}}, {"model": "vehicles.vehicleimages", "pk": 249, "fields": {"name": "vk67uzv-2", "vehicle_name": 29, "image": "vk67uzv-3.jpeg", "main": false}}, {"model": "vehicles.vehicleimages", "pk": 250, "fields": {"name": "vk67uzv-3", "vehicle_name": 29, "image": "vk67uzv-4.jpeg", "main": false}}, {"model": "vehicles.vehicleimages", "pk": 251, "fields": {"name": "vk67uzv-4", "vehicle_name": 29, "image": "vk67uzv-5.jpeg", "main": false}}, {"model": "vehicles.vehicleimages", "pk": 252, "fields": {"name": "vk67uzv-5", "vehicle_name": 29, "image": "vk67uzv-6.jpeg", "main": false}}, {"model": "vehicles.vehicleimages", "pk": 253, "fields": {"name": "vk67uzv-6", "vehicle_name": 29, "image": "vk67uzv-7.jpeg", "main": false}}, {"model": "vehicles.vehicleimages", "pk": 254, "fields": {"name": "vk67uzv-7", "vehicle_name": 29, "image": "vk67uzv-8.jpeg", "main": false}}, {"model": "vehicles.vehicleimages", "pk": 255, "fields": {"name": "vk67uzv-8", "vehicle_name": 29, "image": "vk67uzv-9.jpeg", "main": false}}, {"model": "vehicles.vehicleimages", "pk": 256, "fields": {"name": "wu16ywe-0", "vehicle_name": 30, "image": "wu16ywe-1.jpeg", "main": true}}, {"model": "vehicles.vehicleimages", "pk": 257, "fields": {"name": "wu16ywe-1", "vehicle_name": 30, "image": "wu16ywe-2.jpeg", "main": false}}, {"model": "vehicles.vehicleimages", "pk": 258, "fields": {"name": "wu16ywe-2", "vehicle_name": 30, "image": "wu16ywe-3.jpeg", "main": false}}, {"model": "vehicles.vehicleimages", "pk": 259, "fields": {"name": "wu16ywe-3", "vehicle_name": 30, "image": "wu16ywe-4.jpeg", "main": false}}, {"model": "vehicles.vehicleimages", "pk": 260, "fields": {"name": "wu16ywe-4", "vehicle_name": 30, "image": "wu16ywe-5.jpeg", "main": false}}, {"model": "vehicles.vehicleimages", "pk": 261, "fields": {"name": "wu16ywe-5", "vehicle_name": 30, "image": "wu16ywe-6.jpeg", "main": false}}, {"model": "vehicles.vehicleimages", "pk": 262, "fields": {"name": "wu16ywe-6", "vehicle_name": 30, "image": "wu16ywe-7.jpeg", "main": false}}, {"model": "vehicles.vehicleimages", "pk": 263, "fields": {"name": "wu16ywe-7", "vehicle_name": 30, "image": "wu16ywe-8.jpeg", "main": false}}, {"model": "vehicles.vehicleimages", "pk": 264, "fields": {"name": "wu16ywe-8", "vehicle_name": 30, "image": "wu16ywe-9.jpeg", "main": false}}, {"model": "vehicles.vehicleimages", "pk": 265, "fields": {"name": "ys66evc-0", "vehicle_name": 31, "image": "ys66evc-1.jpeg", "main": true}}, {"model": "vehicles.vehicleimages", "pk": 266, "fields": {"name": "ys66evc-1", "vehicle_name": 31, "image": "ys66evc-2.jpeg", "main": false}}, {"model": "vehicles.vehicleimages", "pk": 267, "fields": {"name": "ys66evc-2", "vehicle_name": 31, "image": "ys66evc-3.jpeg", "main": false}}, {"model": "vehicles.vehicleimages", "pk": 268, "fields": {"name": "ys66evc-3", "vehicle_name": 31, "image": "ys66evc-4.jpeg", "main": false}}, {"model": "vehicles.vehicleimages", "pk": 269, "fields": {"name": "ys66evc-4", "vehicle_name": 31, "image": "ys66evc-5.jpeg", "main": false}}, {"model": "vehicles.vehicleimages", "pk": 270, "fields": {"name": "ys66evc-5", "vehicle_name": 31, "image": "ys66evc-6.jpeg", "main": false}}, {"model": "vehicles.vehicleimages", "pk": 271, "fields": {"name": "ys66evc-6", "vehicle_name": 31, "image": "ys66evc-7.jpeg", "main": false}}, {"model": "vehicles.vehicleimages", "pk": 272, "fields": {"name": "ys66evc-7", "vehicle_name": 31, "image": "ys66evc-8.jpeg", "main": false}}, {"model": "vehicles.vehicleimages", "pk": 273, "fields": {"name": "ys66evc-8", "vehicle_name": 31, "image": "ys66evc-9.jpeg", "main": false}}, {"model": "vehicles.vehicleimages", "pk": 274, "fields": {"name": "yt66dyx-0", "vehicle_name": 32, "image": "yt66dyx-1.jpeg", "main": true}}, {"model": "vehicles.vehicleimages", "pk": 275, "fields": {"name": "yt66dyx-1", "vehicle_name": 32, "image": "yt66dyx-2.jpeg", "main": false}}, {"model": "vehicles.vehicleimages", "pk": 276, "fields": {"name": "yt66dyx-2", "vehicle_name": 32, "image": "yt66dyx-3.jpeg", "main": false}}, {"model": "vehicles.vehicleimages", "pk": 277, "fields": {"name": "yt66dyx-3", "vehicle_name": 32, "image": "yt66dyx-4.jpeg", "main": false}}, {"model": "vehicles.vehicleimages", "pk": 278, "fields": {"name": "yt66dyx-4", "vehicle_name": 32, "image": "yt66dyx-5.jpeg", "main": false}}, {"model": "vehicles.vehicleimages", "pk": 279, "fields": {"name": "yt66dyx-5", "vehicle_name": 32, "image": "yt66dyx-6.jpeg", "main": false}}, {"model": "vehicles.vehicleimages", "pk": 280, "fields": {"name": "yt66dyx-6", "vehicle_name": 32, "image": "yt66dyx-7.jpeg", "main": false}}, {"model": "vehicles.vehicleimages", "pk": 281, "fields": {"name": "yt66dyx-7", "vehicle_name": 32, "image": "yt66dyx-8.jpeg", "main": false}}, {"model": "vehicles.vehicleimages", "pk": 282, "fields": {"name": "yt66dyx-8", "vehicle_name": 32, "image": "yt66dyx-9.jpeg", "main": false}}, {"model": "vehicles.vehicle", "pk": 0, "fields": {"sku": "ve67uto", "name": "nissan-ve67uto", "registration": "ve67 uto", "make": "nissan", "model": "qashqai", "trim": "tekna", "colour": "black", "fuel": "diesel", "engine_size": "1.6", "body_type": "suv", "gearbox": "manual", "drivetrain": "2wd", "seats": 5, "description": "This Nissan Qashqai offers benefits from being covered by Nissan Intelligent Choice, the approved Nissan Used car scheme giving our customers peace of mind with all our cars enjoying a 100 point full workshop check, minimum 12 months parts and labour warranty and a full 1 year PAN European breakdown cover.", "price": 200, "full_price": 17934, "mileage": 54829, "model_year": 2018, "doors": 5, "type": "vehicle", "available": "yes"}}, {"model": "vehicles.vehicle", "pk": 1, "fields": {"sku": "dv64xug", "name": "nissan-dv64xug", "registration": "dv64 xug", "make": "nissan", "model": "qashqai", "trim": "acenta premium", "colour": "black", "fuel": "diesel", "engine_size": "1.5", "body_type": "suv", "gearbox": "manual", "drivetrain": "2wd", "seats": 5, "description": "august2022mot+history+satnav+nice example of a firm family favourite. big spec, lots of space for the kids  and all of their stuff, as well as everyone else  dogs included. cheap to run and insure. smooth drive, with a nice driving position as well a simple car to park", "price": 200, "full_price": 11195, "mileage": 48700, "model_year": 2014, "doors": 5, "type": "vehicle", "available": "no"}}, {"model": "vehicles.vehicle", "pk": 2, "fields": {"sku": "ma58frx", "name": "nissan-ma58frx", "registration": "ma58 frx", "make": "nissan", "model": "350z", "trim": "gt", "colour": "black", "fuel": "petrol", "engine_size": "3.5", "body_type": "coupe", "gearbox": "manual", "drivetrain": "2wd", "seats": 2, "description": "next mot due 12/11/2021, full service history, clean bodywork, black full leather interior - clean condition, tyre condition good, metallic black, 5+ owners.", "price": 200, "full_price": 10995, "mileage": 53000, "model_year": 2008, "doors": 2, "type": "vehicle", "available": "yes"}}, {"model": "vehicles.vehicle", "pk": 3, "fields": {"sku": "lx15zpu", "name": "volkswagen-lx15zpu", "registration": "lx15 zpu", "make": "volkswagen", "model": "polo", "trim": "tech se", "colour": "white", "fuel": "petrol", "engine_size": "1.0", "body_type": "hatchback", "gearbox": "manual", "drivetrain": "2wd", "seats": 5, "description": "Vw polo 1.0 bluemotion. This vehicle is in excellent condition and has only covered 48000 miles from new. This is the perfect first car with cheap tax ,low insurance and 50 mpg on a run", "price": 200, "full_price": 7995, "mileage": 48000, "model_year": 2015, "doors": 3, "type": "vehicle", "available": "yes"}}, {"model": "vehicles.vehicle", "pk": 4, "fields": {"sku": "sm64mty", "name": "toyota-sm64mty", "registration": "sm64 mty", "make": "toyota", "model": "aygo", "trim": "sport", "colour": "red", "fuel": "petrol", "engine_size": "1.3", "body_type": "hatchback", "gearbox": "manual", "drivetrain": "2wd", "seats": 5, "description": "Immaculate condition in and out not to be missed 12 month fresh mot full service history 2 keys just been serviced", "price": 200, "full_price": 4795, "mileage": 88764, "model_year": 2015, "doors": 5, "type": "vehicle", "available": "no"}}, {"model": "vehicles.vehicle", "pk": 7, "fields": {"sku": "bg69jjk", "name": "nissan-bg69jjk", "registration": "bg69 jjk", "make": "nissan", "model": "qashqai", "trim": "tekna", "colour": "blue", "fuel": "diesel", "engine_size": "1.7", "body_type": "suv", "gearbox": "automatic", "drivetrain": "4wd", "seats": 5, "description": "2019 nissan qashqai\r\navailable now!", "price": 200, "full_price": 25375, "mileage": 16950, "model_year": 2019, "doors": 5, "type": "vehicle", "available": "yes"}}, {"model": "vehicles.vehicle", "pk": 8, "fields": {"sku": "bp16suf", "name": "peugeot-bp16suf", "registration": "bp16 suf", "make": "peugeot", "model": "208", "trim": "puretech", "colour": "white", "fuel": "petrol", "engine_size": "1.2", "body_type": "hatchback", "gearbox": "manual", "drivetrain": "2wd", "seats": 5, "description": "limited edition metallic orange with stylish interior trim, bluetooth, mp3 music, dab digital radio, air-conditioning, alloy wheels, electric windows & mirrors, impressive 72.4 mpg (eu), only 20 road tax, 3x service history stamps up to date", "price": 200, "full_price": 7990, "mileage": 23000, "model_year": 2016, "doors": 5, "type": "vehicle", "available": "yes"}}, {"model": "vehicles.vehicle", "pk": 9, "fields": {"sku": "ce15xpo", "name": "mini-ce15xpo", "registration": "ce15 xpo", "make": "mini", "model": "cooper", "trim": "one d", "colour": "green", "fuel": "diesel", "engine_size": "1.5", "body_type": "hatchback", "gearbox": "manual", "drivetrain": "2wd", "seats": 5, "description": "mini cooper one d\r\navailable now!", "price": 200, "full_price": 6495, "mileage": 101000, "model_year": 2015, "doors": 5, "type": "vehicle", "available": "yes"}}, {"model": "vehicles.vehicle", "pk": 10, "fields": {"sku": "cp17mhz", "name": "toyota-cp17mhz", "registration": "cp17 mhz", "make": "toyota", "model": "aygo", "trim": "x-press", "colour": "silver", "fuel": "petrol", "engine_size": "1.0", "body_type": "hatchback", "gearbox": "manual", "drivetrain": "2wd", "seats": 5, "description": "15 inch black alloys, touch screen, dab, privacy glass and rear camera , silver, 150 low mileage", "price": 200, "full_price": 8990, "mileage": 47000, "model_year": 2017, "doors": 4, "type": "vehicle", "available": "yes"}}, {"model": "vehicles.vehicle", "pk": 11, "fields": {"sku": "cy66oho", "name": "mini-cy66oho", "registration": "cy66 oho", "make": "mini", "model": "cooper", "trim": "s", "colour": "grey", "fuel": "petrol", "engine_size": "2.0", "body_type": "hatchback", "gearbox": "manual", "drivetrain": "2wd", "seats": 4, "description": "lovely mini cooper s\r\navailable now!", "price": 200, "full_price": 12995, "mileage": 57000, "model_year": 2016, "doors": 3, "type": "vehicle", "available": "yes"}}, {"model": "vehicles.vehicle", "pk": 12, "fields": {"sku": "du15mlv", "name": "peugeot-du15mlv", "registration": "du15 mlv", "make": "peugeot", "model": "208", "trim": "style", "colour": "white", "fuel": "petrol", "engine_size": "1.2", "body_type": "hatchback", "gearbox": "manual", "drivetrain": "2wd", "seats": 5, "description": "*sun roof*a/c*parking sensors* , white, 2 owners", "price": 200, "full_price": 5496, "mileage": 64000, "model_year": 2015, "doors": 5, "type": "vehicle", "available": "yes"}}, {"model": "vehicles.vehicle", "pk": 13, "fields": {"sku": "ey15ehb", "name": "toyota-ey15ehb", "registration": "ey15 ehb", "make": "toyota", "model": "aygo", "trim": "x", "colour": "white", "fuel": "petrol", "engine_size": "1.0", "body_type": "hatchback", "gearbox": "manual", "drivetrain": "2wd", "seats": 4, "description": "peugeot 208 x\r\navailable now!", "price": 200, "full_price": 5490, "mileage": 62400, "model_year": 2015, "doors": 3, "type": "vehicle", "available": "yes"}}, {"model": "vehicles.vehicle", "pk": 14, "fields": {"sku": "fh15rvu", "name": "vauxhall-fh15rvu", "registration": "fh15 rvu", "make": "vauxhall", "model": "insignia", "trim": "ecoflex", "colour": "blue", "fuel": "diesel", "engine_size": "2.0", "body_type": "estate", "gearbox": "manual", "drivetrain": "2wd", "seats": 5, "description": "fantastic condition throughout. low mileage. alloy wheels. service history. air conditioning, remote central locking", "price": 200, "full_price": 9488, "mileage": 64610, "model_year": 2015, "doors": 5, "type": "vehicle", "available": "yes"}}, {"model": "vehicles.vehicle", "pk": 15, "fields": {"sku": "fh66blz", "name": "porsche-fh66blz", "registration": "fh66 blz", "make": "porsche", "model": "cayenne", "trim": "platinum edition", "colour": "blue", "fuel": "diesel", "engine_size": "3.0", "body_type": "saloon", "gearbox": "automatic", "drivetrain": "4wd", "seats": 5, "description": "porsche cayenne finished in black, fitted with superbly smooth 3.0 td engine developing 258 bhp. features on this platinum edition model include satellite navigation, bluetooth phone connectivity to keep in touch on the go, 1/2 heated leather seating to hold you in comfort, dab radio with bose sounds system for the very best of your favourite songs and station, cruise control to assist along the way", "price": 200, "full_price": 43469, "mileage": 11798, "model_year": 2017, "doors": 5, "type": "vehicle", "available": "no"}}, {"model": "vehicles.vehicle", "pk": 16, "fields": {"sku": "fm17dtn", "name": "jaguar-fm17dtn", "registration": "fm17 dtn", "make": "jaguar", "model": "f-pace", "trim": "r-sport", "colour": "blue", "fuel": "diesel", "engine_size": "2.0", "body_type": "saloon", "gearbox": "automatic", "drivetrain": "4wd", "seats": 5, "description": "jaguar f-pace r-sport\r\navailable now!", "price": 200, "full_price": 27495, "mileage": 76554, "model_year": 2017, "doors": 5, "type": "vehicle", "available": "yes"}}, {"model": "vehicles.vehicle", "pk": 17, "fields": {"sku": "hk66osn", "name": "vauxhall-hk66osn", "registration": "hk66 osn", "make": "vauxhall", "model": "cascada", "trim": "elite", "colour": "white", "fuel": "petrol", "engine_size": "1.6", "body_type": "convertible", "gearbox": "manual", "drivetrain": "2wd", "seats": 4, "description": "2016 vauxhall cascada elite (s/s). this is a beautiful example of this convertible from vauxhall. this vehicle has had two owners from new and is supplied with both keys. the vehicle has full service history.", "price": 200, "full_price": 13599, "mileage": 29833, "model_year": 2016, "doors": 2, "type": "vehicle", "available": "yes"}}, {"model": "vehicles.vehicle", "pk": 18, "fields": {"sku": "hv15fcp", "name": "mini-hv15fcp", "registration": "hv15 fcp", "make": "mini", "model": "cooper", "trim": "one", "colour": "red", "fuel": "petrol", "engine_size": "1.2", "body_type": "hatchback", "gearbox": "manual", "drivetrain": "2wd", "seats": 4, "description": "low mileage mini hatch one 1.2 one 3dr that has been locally owned & maintained, finished in blazing red metallic with contrasting graphite grey alloys, mirrors and bonnet", "price": 200, "full_price": 8990, "mileage": 33348, "model_year": 2015, "doors": 3, "type": "vehicle", "available": "yes"}}, {"model": "vehicles.vehicle", "pk": 19, "fields": {"sku": "hy65umv", "name": "mazda-hy65umv", "registration": "hy65 umv", "make": "mazda", "model": "mx-5", "trim": "skyactiv", "colour": "white", "fuel": "petrol", "engine_size": "1.5", "body_type": "convertible", "gearbox": "manual", "drivetrain": "2wd", "seats": 2, "description": "mazda mx-5 skyactiv\r\navailable now!", "price": 200, "full_price": 12290, "mileage": 28600, "model_year": 2015, "doors": 2, "type": "vehicle", "available": "yes"}}, {"model": "vehicles.vehicle", "pk": 20, "fields": {"sku": "ke18xnr", "name": "nissan-ke18xnr", "registration": "ke18 xnr", "make": "nissan", "model": "qashqai", "trim": "tekna", "colour": "blue", "fuel": "petrol", "engine_size": "1.2", "body_type": "saloon", "gearbox": "manual", "drivetrain": "2wd", "seats": 5, "description": "hpi clear, mot 08/22, serviced up to date, 2 keys owners book pack, warranty options. up to 55.4mpg economy and 155pa road tax band. e6 euro status. a stunning example with huge specification and good performance.", "price": 200, "full_price": 18490, "mileage": 17590, "model_year": 2018, "doors": 5, "type": "vehicle", "available": "yes"}}, {"model": "vehicles.vehicle", "pk": 21, "fields": {"sku": "kt66xmr", "name": "mercedes-benz-kt66xmr", "registration": "kt66 xmr", "make": "mercedes-benz", "model": "c-class", "trim": "c250", "colour": "blue", "fuel": "diesel", "engine_size": "2.1", "body_type": "saloon", "gearbox": "automatic", "drivetrain": "2wd", "seats": 5, "description": "partial electric front seats with 4 way lumbar, heated front seats, auto lights, remoter central locking, electronic parking brake, reversing camera, bluetooth for media and handsfree telephone, fm/am radio, multifunction leather steering wheel, cruise control, electric windows, electric side mirrors, service indicator, trip computer", "price": 200, "full_price": 14991, "mileage": 107102, "model_year": 2016, "doors": 4, "type": "vehicle", "available": "no"}}, {"model": "vehicles.vehicle", "pk": 22, "fields": {"sku": "lv16xlw", "name": "volkswagen-lv16xlw", "registration": "lv16 xlw", "make": "volkswagen", "model": "polo", "trim": "r-line", "colour": "grey", "fuel": "petrol", "engine_size": "1.0", "body_type": "hatchback", "gearbox": "manual", "drivetrain": "2wd", "seats": 5, "description": "volkswagen polo r-line\r\navailable now!", "price": 200, "full_price": 11900, "mileage": 38307, "model_year": 2016, "doors": 3, "type": "vehicle", "available": "yes"}}, {"model": "vehicles.vehicle", "pk": 23, "fields": {"sku": "mj18dxt", "name": "peugeot-mj18dxt", "registration": "mj18dxt", "make": "peugeot", "model": "2008", "trim": "active", "colour": "blue", "fuel": "diesel", "engine_size": "1.6", "body_type": "saloon", "gearbox": "manual", "drivetrain": "2wd", "seats": 5, "description": "peugeot 2008 1.6 bluehdi 100 active 5dr in black now available.with an upmarket cabin and neat suv-like styling, the peugeot 2008 is a small crossover family car that is usefully practical, despite its small size, with a decent boot and good interior room, especially in the back. thanks to a raised driving position, good visibility and light steering means it is also easy to drive in town.this particular peugeot model is equipped with apple car play/android auto, bluetooth system, cruise control + speed limiter, manual air conditioning, leather steering wheel, 16' hydre alloy wheels and much, much more!all our cars come with 2 keys", "price": 200, "full_price": 12000, "mileage": 26063, "model_year": 2018, "doors": 5, "type": "vehicle", "available": "yes"}}, {"model": "vehicles.vehicle", "pk": 24, "fields": {"sku": "mw15rke", "name": "ford-mw15rke", "registration": "mw15rke", "make": "ford", "model": "kuga", "trim": "titanium x", "colour": "blue", "fuel": "diesel", "engine_size": "2.0", "body_type": "saloon", "gearbox": "manual", "drivetrain": "4wd", "seats": 5, "description": "ford kuga 2.0 titanium x, 4wd, full service history, 2 keys, huge spec list including, self parking function, panoramic roof, power tail gate, front & rear heated screens, heated leather, dual climate ac, cruise control, speed limiter, sony dab radio, reclining rear seats, powerfold wing mirrors, perfect condition inside & out", "price": 200, "full_price": 14650, "mileage": 58000, "model_year": 2015, "doors": 5, "type": "vehicle", "available": "yes"}}, {"model": "vehicles.vehicle", "pk": 25, "fields": {"sku": "pl16ncd", "name": "mitsubishi-pl16ncd", "registration": "pl16ncd", "make": "mitsubishi", "model": "l200", "trim": "warrior", "colour": "blue", "fuel": "diesel", "engine_size": "2.4", "body_type": "pickup", "gearbox": "manual", "drivetrain": "4wd", "seats": 5, "description": "full black leather, reverse camera, satellite navigation, side steps, air conditioning, electric windows, remote central door locking, alloy wheels", "price": 200, "full_price": 16950, "mileage": 78000, "model_year": 2016, "doors": 4, "type": "vehicle", "available": "yes"}}, {"model": "vehicles.vehicle", "pk": 26, "fields": {"sku": "px71ynb", "name": "nissan-px71ynb", "registration": "px71 ynb", "make": "nissan", "model": "qashqai", "trim": "tekna", "colour": "silver", "fuel": "petrol", "engine_size": "1.3", "body_type": "saloon", "gearbox": "automatic", "drivetrain": "4wd", "seats": 5, "description": "this vehicle can be released in march 2022. finished in blade silver this 158 bhp mild hybrid x tronic automatic 4wd petrol tekna version of the all new qashqai is one of our current demonstration vehicles and can be released on the 21st of june 2022. specification includes intelligent around view monitor (360 colour cameras), sat nav, apple car play/android auto, blind spot warning/intervention, glass panoramic roof with electric blind, intelligent cruise control, front and rear parking sensors, front and rear usb connectivity, wireless phone charger, heated front seats and steering wheel, heated front windscreen, dual zone climate control, automatic led headlights with high beam assist, 19 inch alloy wheels and much more!! for further details please contact us today. full service history, four wheel-drive, metallic blade silver, 1 owner", "price": 200, "full_price": 34995, "mileage": 5850, "model_year": 2021, "doors": 5, "type": "vehicle", "available": "yes"}}, {"model": "vehicles.vehicle", "pk": 27, "fields": {"sku": "se64lxg", "name": "nissan-se64lxg", "registration": "se64 lxg", "make": "nissan", "model": "qashqai", "trim": "n-tec plus", "colour": "white", "fuel": "petrol", "engine_size": "1.2", "body_type": "saloon", "gearbox": "manual", "drivetrain": "2wd", "seats": 5, "description": "nissan qashqai n-tec plus\r\navailable now!", "price": 200, "full_price": 7999, "mileage": 120112, "model_year": 2014, "doors": 5, "type": "vehicle", "available": "yes"}}, {"model": "vehicles.vehicle", "pk": 28, "fields": {"sku": "sv70ysd", "name": "audi-sv70ysd", "registration": "sv70 ysd", "make": "audi", "model": "e-trom", "trim": "50 quattro sport", "colour": "red", "fuel": "electricity", "engine_size": "0.0", "body_type": "saloon", "gearbox": "automatic", "drivetrain": "4wd", "seats": 5, "description": "e-tron 50 quattro sport finished in the stunning catalunya red metallic this one owner car was supplied to us direct from audi uk and has covered just 6,218 miles specification includes audi smartphone interface with wireless functionality, audi connect safety and service (e-call), audi drive select, audi phone box with wireless charging, audi virtual cockpit, mmi navigation plus with mmi touch + twin touch screens, parking system plus with 360 degree sensors and function on demand preparation and a power operated tailgate", "price": 200, "full_price": 52499, "mileage": 6218, "model_year": 2020, "doors": 5, "type": "vehicle", "available": "yes"}}, {"model": "vehicles.vehicle", "pk": 29, "fields": {"sku": "vk67uzv", "name": "nissan-vk67uzv", "registration": "vk67 uzv", "make": "nissan", "model": "qashqai", "trim": "tekna", "colour": "blue", "fuel": "diesel", "engine_size": "1.6", "body_type": "saloon", "gearbox": "manual", "drivetrain": "4wd", "seats": 5, "description": "nissan qashqai 1.6 dci tekna 5dr 4wd 12 months warranty, full service history, excellent bodywork, black full leather interior - excellent condition, tyre condition excellent, four wheel-drive, metallic black", "price": 200, "full_price": 19401, "mileage": 32434, "model_year": 2017, "doors": 5, "type": "vehicle", "available": "yes"}}, {"model": "vehicles.vehicle", "pk": 30, "fields": {"sku": "wu16ywe", "name": "abarth-wu16ywe", "registration": "wu16 ywe", "make": "abarth", "model": "595c", "trim": "t-jet", "colour": "blue", "fuel": "petrol", "engine_size": "1.4", "body_type": "convertible", "gearbox": "manual", "drivetrain": "2wd", "seats": 4, "description": "one previous owner + 3 dealer services + just serviced + new mot + low mileage + totally immaculate and genuine throughout", "price": 200, "full_price": 10598, "mileage": 22800, "model_year": 2016, "doors": 2, "type": "vehicle", "available": "yes"}}, {"model": "vehicles.vehicle", "pk": 31, "fields": {"sku": "ys66evc", "name": "mini-ys66evc", "registration": "ys66 evc", "make": "mini", "model": "countryman", "trim": "cooper d", "colour": "green", "fuel": "diesel", "engine_size": "1.6", "body_type": "saloon", "gearbox": "manual", "drivetrain": "4wd", "seats": 5, "description": "mini countryman 1.6d cooper all4 pepper in jungle green metallic! this fantastic looking mini has covered just 76k miles through 4 previous owners and is great condition throughout and comes with full mini service history!", "price": 200, "full_price": 10700, "mileage": 76000, "model_year": 2016, "doors": 5, "type": "vehicle", "available": "yes"}}, {"model": "vehicles.vehicle", "pk": 32, "fields": {"sku": "yt66dyx", "name": "ford-yt66dyx", "registration": "yt66 dyx", "make": "ford", "model": "edge", "trim": "sport", "colour": "blue", "fuel": "diesel", "engine_size": "2.0", "body_type": "saloon", "gearbox": "manual", "drivetrain": "2wd", "seats": 5, "description": "black ford edge with 845 in fitted extras. features include sat nav, ford sync, parking camera, privacy glass, bluetooth, parking sensors, powered folding mirrors, ambient lighting, sports seats, 20'' alloy wheels, ipod connectivity , lumbar support, air conditioning , rain sensing wipers, rear spoiler.", "price": 200, "full_price": 20600, "mileage": 45562, "model_year": 2016, "doors": 5, "type": "vehicle", "available": "yes"}}, {"model": "checkout.order", "pk": 20, "fields": {"order_number": "1AEFE2215EB44BB28B97A96D1DD73F06", "order_type": "vehicle", "user_profile": 1, "full_name": "Mr Codie Stephens-Evans", "email": "codie18@gmail.com", "phone_number": "07515449495", "postcode": "CF24 1RE", "town_or_city": "CARDIFF", "street_address1": "Flat 38 Harlequin Court", "street_address2": "Newport Road", "county": "Caerdydd", "country": "GB", "date": "2022-01-22T23:59:34.552Z", "delivery_cost": "0.00", "order_total": "200.00", "grand_total": "200.00", "original_bag": "{\"fh66blz\": 1}", "stripe_pid": "pi_3KKtUODik2SSUzx71C77T1Wv"}}, {"model": "checkout.order", "pk": 21, "fields": {"order_number": "554709A750C24659AEA6E0D230A67B36", "order_type": "vehicle", "user_profile": null, "full_name": "Mr Codie Stephens-Evans", "email": "codie18@gmail.com", "phone_number": "07515449495", "postcode": "CF24 1RE", "town_or_city": "CARDIFF", "street_address1": "Flat 38 Harlequin Court", "street_address2": "Newport Road", "county": "Caerdydd", "country": "GB", "date": "2022-01-24T14:01:50.796Z", "delivery_cost": "0.00", "order_total": "200.00", "grand_total": "200.00", "original_bag": "{\"dv64xug\": 1}", "stripe_pid": "pi_3KLT3UDik2SSUzx74kyh0wOQ"}}, {"model": "checkout.order", "pk": 22, "fields": {"order_number": "18F576300AAF480D9DA0802067EDB147", "order_type": "vehicle", "user_profile": null, "full_name": "A", "email": "ASd@asdasd.com", "phone_number": "asdasdasd", "postcode": "asdad", "town_or_city": "asd", "street_address1": "adsas", "street_address2": "asdad", "county": "asd", "country": "DZ", "date": "2022-01-24T21:48:07.593Z", "delivery_cost": "0.00", "order_total": "200.00", "grand_total": "200.00", "original_bag": "{\"kt66xmr\": 1}", "stripe_pid": "pi_3KLaNmDik2SSUzx73BJbYpzW"}}, {"model": "checkout.order", "pk": 23, "fields": {"order_number": "F269ADF7EE954E3C92693A46D7EAA161", "order_type": "vehicle", "user_profile": null, "full_name": "Mr Codie Stephens-Evans", "email": "codie18@gmail.com", "phone_number": "+447515449495", "postcode": "CF24 1RE", "town_or_city": "CARDIFF", "street_address1": "Flat 38 Harlequin Court", "street_address2": "Newport Road", "county": "Caerdydd", "country": "GB", "date": "2022-01-25T15:33:06.102Z", "delivery_cost": "0.00", "order_total": "0.00", "grand_total": "0.00", "original_bag": "{\"sm64mty\": 1}", "stripe_pid": "pi_3KLr0kDik2SSUzx71xzCgAcA"}}, {"model": "checkout.order", "pk": 24, "fields": {"order_number": "B8004E887E2A4C968DD0D8AEBE464869", "order_type": "vehicle", "user_profile": null, "full_name": "Mr Codie Stephens-Evans", "email": "codie18@gmail.com", "phone_number": "+447515449495", "postcode": "CF24 1RE", "town_or_city": "CARDIFF", "street_address1": "Flat 38 Harlequin Court", "street_address2": "Newport Road", "county": "Caerdydd", "country": "GB", "date": "2022-01-25T15:38:13.804Z", "delivery_cost": "0.00", "order_total": "0.00", "grand_total": "0.00", "original_bag": "{\"sm64mty\": 1}", "stripe_pid": "pi_3KLr0kDik2SSUzx71xzCgAcA"}}, {"model": "checkout.order", "pk": 25, "fields": {"order_number": "7F6103E553914EFAB0E0290B6A485774", "order_type": "vehicle", "user_profile": null, "full_name": "Mr Codie Stephens-Evans", "email": "codie18@gmail.com", "phone_number": "+447515449495", "postcode": "CF24 1RE", "town_or_city": "CARDIFF", "street_address1": "Flat 38 Harlequin Court", "street_address2": "Newport Road", "county": "Caerdydd", "country": "GB", "date": "2022-01-25T15:38:50.972Z", "delivery_cost": "0.00", "order_total": "0.00", "grand_total": "0.00", "original_bag": "{\"sm64mty\": 1}", "stripe_pid": "pi_3KLr0kDik2SSUzx71xzCgAcA"}}, {"model": "checkout.order", "pk": 26, "fields": {"order_number": "412FA6CC167F4672AD52BEF1B333A56F", "order_type": "vehicle", "user_profile": null, "full_name": "Mr Codie Stephens-Evans", "email": "codie18@gmail.com", "phone_number": "+447515449495", "postcode": "CF24 1RE", "town_or_city": "CARDIFF", "street_address1": "Flat 38 Harlequin Court", "street_address2": "Newport Road", "county": "Caerdydd", "country": "GB", "date": "2022-01-25T15:38:51.906Z", "delivery_cost": "0.00", "order_total": "0.00", "grand_total": "0.00", "original_bag": "{\"sm64mty\": 1}", "stripe_pid": "pi_3KLr0kDik2SSUzx71xzCgAcA"}}, {"model": "checkout.order", "pk": 27, "fields": {"order_number": "BBEF07D1390747F98375BDAC23BEA997", "order_type": "vehicle", "user_profile": null, "full_name": "Mr Codie Stephens-Evans", "email": "codie18@gmail.com", "phone_number": "+447515449495", "postcode": "CF24 1RE", "town_or_city": "CARDIFF", "street_address1": "Flat 38 Harlequin Court", "street_address2": "Newport Road", "county": "Caerdydd", "country": "GB", "date": "2022-01-25T15:38:53.050Z", "delivery_cost": "0.00", "order_total": "0.00", "grand_total": "0.00", "original_bag": "{\"sm64mty\": 1}", "stripe_pid": "pi_3KLr0kDik2SSUzx71xzCgAcA"}}, {"model": "checkout.order", "pk": 28, "fields": {"order_number": "84430535F39B44EFB474F54176A616AE", "order_type": "vehicle", "user_profile": null, "full_name": "Mr Codie Stephens-Evans", "email": "codie18@gmail.com", "phone_number": "+447515449495", "postcode": "CF24 1RE", "town_or_city": "CARDIFF", "street_address1": "Flat 38 Harlequin Court", "street_address2": "Newport Road", "county": "Caerdydd", "country": "GB", "date": "2022-01-25T15:38:53.909Z", "delivery_cost": "0.00", "order_total": "0.00", "grand_total": "0.00", "original_bag": "{\"sm64mty\": 1}", "stripe_pid": "pi_3KLr0kDik2SSUzx71xzCgAcA"}}, {"model": "checkout.order", "pk": 29, "fields": {"order_number": "AE6D729F3D4343BBAC807A7C787AB60D", "order_type": "vehicle", "user_profile": null, "full_name": "Mr Codie Stephens-Evans", "email": "codie18@gmail.com", "phone_number": "+447515449495", "postcode": "CF24 1RE", "town_or_city": "CARDIFF", "street_address1": "Flat 38 Harlequin Court", "street_address2": "Newport Road", "county": "Caerdydd", "country": "GB", "date": "2022-01-25T15:38:54.527Z", "delivery_cost": "0.00", "order_total": "0.00", "grand_total": "0.00", "original_bag": "{\"sm64mty\": 1}", "stripe_pid": "pi_3KLr0kDik2SSUzx71xzCgAcA"}}, {"model": "checkout.order", "pk": 30, "fields": {"order_number": "08CF143E7FCA455A846666E61A39381E", "order_type": "vehicle", "user_profile": 4, "full_name": "Mr Codie Stephens-Evans", "email": "codie18@gmail.com", "phone_number": "+447515449495", "postcode": "CF24 1RE", "town_or_city": "CARDIFF", "street_address1": "Flat 38 Harlequin Court", "street_address2": "Newport Road", "county": "Caerdydd", "country": "GB", "date": "2022-01-25T15:39:11.556Z", "delivery_cost": "0.00", "order_total": "200.00", "grand_total": "200.00", "original_bag": "{\"sm64mty\": 1}", "stripe_pid": "pi_3KLr0kDik2SSUzx71xzCgAcA"}}, {"model": "checkout.vehicle_order_line_item", "pk": 19, "fields": {"order": 20, "vehicle": 15, "lineitem_total": "200"}}, {"model": "checkout.vehicle_order_line_item", "pk": 20, "fields": {"order": 21, "vehicle": 1, "lineitem_total": "200"}}, {"model": "checkout.vehicle_order_line_item", "pk": 21, "fields": {"order": 22, "vehicle": 21, "lineitem_total": "200"}}, {"model": "checkout.vehicle_order_line_item", "pk": 22, "fields": {"order": 30, "vehicle": 4, "lineitem_total": "200"}}, {"model": "checkout.accessory_order", "pk": 13, "fields": {"order_number": "23032AC0A8B6410392484058AA80843D", "order_type": "accessories", "user_profile": 1, "full_name": "Mr Codie Stephens-Evans", "email": "codie18@gmail.com", "phone_number": "07515449495", "postcode": "CF24 1RE", "town_or_city": "CARDIFF", "street_address1": "Flat 38 Harlequin Court", "street_address2": "Newport Road", "county": "Caerdydd", "country": "GB", "date": "2022-01-22T23:03:13.611Z", "delivery_cost": "0.00", "order_total": "10.00", "grand_total": "10.00", "original_bag": "{\"24\": 1}", "stripe_pid": "pi_3KKsbrDik2SSUzx72eiMbNtj"}}, {"model": "checkout.accessory_order", "pk": 14, "fields": {"order_number": "96614E552CF542678E2CE14A5397A807", "order_type": "accessories", "user_profile": null, "full_name": "A", "email": "A@awsss.com", "phone_number": "as12121", "postcode": "asd", "town_or_city": "asd", "street_address1": "asdas", "street_address2": "asd", "county": "asd", "country": "AX", "date": "2022-01-24T21:47:00.628Z", "delivery_cost": "0.00", "order_total": "90.00", "grand_total": "90.00", "original_bag": "{\"29\": 1, \"23\": 1}", "stripe_pid": "pi_3KLaLoDik2SSUzx72Bdv1QCc"}}, {"model": "checkout.accessory_order", "pk": 15, "fields": {"order_number": "5AD90C8488F34E04A5CED6518DEE78F9", "order_type": "accessories", "user_profile": 4, "full_name": "Mr Codie Stephens-Evans", "email": "codie18@gmail.com", "phone_number": "07515449495", "postcode": "CF24 1RE", "town_or_city": "CARDIFF", "street_address1": "Flat 38 Harlequin Court", "street_address2": "Newport Road", "county": "Caerdydd", "country": "GB", "date": "2022-01-25T15:51:31.407Z", "delivery_cost": "0.00", "order_total": "240.00", "grand_total": "240.00", "original_bag": "{\"25\": 1, \"21\": 1}", "stripe_pid": "pi_3KLrIZDik2SSUzx71B10EirP"}}, {"model": "checkout.accessory_order_line_item", "pk": 12, "fields": {"order": 13, "accessory": 24, "quantity": 1, "lineitem_total": "10"}}, {"model": "checkout.accessory_order_line_item", "pk": 13, "fields": {"order": 14, "accessory": 29, "quantity": 1, "lineitem_total": "70"}}, {"model": "checkout.accessory_order_line_item", "pk": 14, "fields": {"order": 14, "accessory": 23, "quantity": 1, "lineitem_total": "20"}}, {"model": "checkout.accessory_order_line_item", "pk": 15, "fields": {"order": 15, "accessory": 25, "quantity": 1, "lineitem_total": "230"}}, {"model": "checkout.accessory_order_line_item", "pk": 16, "fields": {"order": 15, "accessory": 21, "quantity": 1, "lineitem_total": "10"}}, {"model": "profiles.userprofile", "pk": 1, "fields": {"user": 1, "default_phone_number": "+447515449495", "default_street_address1": "Flat 38 Harlequin Court", "default_street_address2": "Newport Road", "default_town_or_city": "CARDIFF", "default_county": "Caerdydd", "default_postcode": "CF24 1RE", "default_country": "GB"}}, {"model": "profiles.userprofile", "pk": 4, "fields": {"user": 6, "default_phone_number": "+447515449495", "default_street_address1": "Flat 38 Harlequin Court", "default_street_address2": "Newport Road", "default_town_or_city": "CARDIFF", "default_county": "Caerdydd", "default_postcode": "CF24 1RE", "default_country": "GB"}}, {"model": "accessories.category", "pk": 0, "fields": {"name": "exterior", "friendly_name": "Exterior", "image": "exterior-bg.jpg"}}, {"model": "accessories.category", "pk": 1, "fields": {"name": "interior", "friendly_name": "Interior", "image": "interior-bg.jpg"}}, {"model": "accessories.category", "pk": 2, "fields": {"name": "safety", "friendly_name": "Safety", "image": "safety-bg.jpg"}}, {"model": "accessories.accessory", "pk": 1, "fields": {"category": 0, "sku": "generic-mudflap-all-2022", "name": "generic-mudflap", "brand": "generic", "vehicle_make": "all", "vehicle_model": "all", "price": "15.00", "quantity_available": 9, "accessory_type": "mudflap", "description": "set of 4 universal fit car mudflaps & fitting screws dimensions (per mudflap): width 225mm height 380mm depth 10mm screw length: 20mm features: manufactured using a flexible & durable, high density press-moulded rubber compound. alloy strip, embedded within the mudflap, ensures exact contour to the shape of the wheel arch. flexibility of the mudflap allows it to follow the contour of the wheel arch, providing a perfect fit. easy fitment to front & rear wheel arches, using black japanned philips pan head self-tapper screws provided. screws keep the mudflap tighter against your car, preventing soil accumulating. this is the prefered method of fitment for most dealers. what's included?: - set (4) of blank mudflaps - pack of 12 screws", "image": "generic-mudflap-2022.jpg"}}, {"model": "accessories.accessory", "pk": 19, "fields": {"category": 2, "sku": "amtec-emergency-kit-all-2022", "name": "amtec-emergency kit", "brand": "amtec", "vehicle_make": "all", "vehicle_model": "all", "price": "30.00", "quantity_available": 20, "accessory_type": "emergency kit", "description": "car emergency kit 9pce\r\n\r\n\r\ncomprehensive kit ideal for most motoring emergencies.\r\n\r\n includes 2m jump leads with copper-coated clamps; \r\n\r\n3m tow rope with steel hooks; \r\n\r\nwarning triangle with case (complies with ece27); \r\n\r\nhi-vis safety vest (en471); \r\n\r\nwind-up torch with 3 super-bright leds; \r\n\r\nsturdy, single-barrel foot pump, emergency window sign, \r\n\r\nwhistle and ice scraper, packed in sturdy carry case.", "image": "Screenshot_2022-01-22_at_13.24.07.png"}}, {"model": "accessories.accessory", "pk": 20, "fields": {"category": 2, "sku": "aa-winter-emergency-travel-car-kit-all-2022", "name": "aa-winter emergency travel car kit", "brand": "aa", "vehicle_make": "all", "vehicle_model": "all", "price": "17.50", "quantity_available": 30, "accessory_type": "winter emergency travel car kit", "description": "the aa winter car kit is essential if you want to be prepared for winter. comes in a handy and compact storage bag to store easily in the boot of your car. the folding shovel is compact but strong enough to tackle thick snow. a high-visibility jacket ensures other motorists can see you and a handy torch to help you see and be seen. the foil blanket will help keep you warm should you need to wait for rescue.\r\n\r\nthe kit includes:\r\n\r\nfolding snow shovel emergency foil blanket led torch high visibility vest (en471 approved) zipped canvas bag", "image": "Screenshot_2022-01-22_at_13.36.14.png"}}, {"model": "accessories.accessory", "pk": 21, "fields": {"category": 2, "sku": "argo-bulb-emergency-spare-kit-h1-all-2022", "name": "argo-bulb emergency spare kit h1", "brand": "argo", "vehicle_make": "all", "vehicle_model": "all", "price": "10.00", "quantity_available": 18, "accessory_type": "bulb emergency spare kit h1", "description": "wedge bulb type: 501 (w5w)\r\nbayonet bulb type: 382 (p21w)\r\nqty included: 30 pcs\r\ncolour: halogen\r\ntechnology: halogen\r\nwattage: 55w\r\nvoltage: 12v\r\nguarantee: 12 months", "image": "s-l1600.jpg"}}, {"model": "accessories.accessory", "pk": 22, "fields": {"category": 0, "sku": "tyreonline-roof-rack-qashqai-2022", "name": "tyreonline-roof rack", "brand": "tyreonline", "vehicle_make": "nissan", "vehicle_model": "qashqai", "price": "40.00", "quantity_available": 4, "accessory_type": "roof rack", "description": "features:\r\n\r\ncomes with noise-proof leather strap, which can effectively reduce wind noise.\r\nthe tripod is high-quality nylon, with high hardness, no deformation, and high temperature resistance.\r\nthe elliptical design of the crossbar can better reduce the wind resistance and wind noise, and the bearing capacity is stronger.\r\nthickened soft leather strips protect the luggage rack from scratches and play a non-slip effect.\r\nwith an anti-theft lock, it can ensure the safety of the crossbar and is not easy to be stolen.\r\n\r\nspecification:\r\nmaterial: aluminum alloy + nylon\r\ntotal length: 140cm\r\ngrip width: 0-6cm\r\nmaximum load: 100kg\r\nsuitable for installing the outer width of the roof rail: 126-130cm\r\napplicable models: the original car must be equipped with a separate longitudinal rod roof rack\r\n\r\npackage included:\r\n2x roof rails (to be assembled)\r\n2x keys\r\n1x installation sketch", "image": "n-rb.jpg"}}, {"model": "accessories.accessory", "pk": 23, "fields": {"category": 1, "sku": "hillington-car-boot-organiser-all-2022", "name": "hillington-car boot organiser", "brand": "hillington", "vehicle_make": "all", "vehicle_model": "all", "price": "20.00", "quantity_available": 13, "accessory_type": "car boot organiser", "description": "this hillington car boot organiser will manage your muddy shoes, boots, magazines, books and your camping or clothing stuff, your travel comes easy with this car traveling gadget with universal size and color. this multi-functional car boot organizer - great for storing and organizing a variety of items.  features four large pockets and three extra-strong adjustable straps with clips. if you spend a lot of time in and out of the car taking the kids to school, driving to work, heading off for days in the country or taking the dog out on a walk, this versatile organizer is right up your street. provides space to store, sort and organize your essential items and keep them neat and orderly until you need them. use it to keep kids toys close at hand or tuck away cans of windscreen defroster, air fresheners, jump cables, car cleaning accessories, dog treats and much more! youll create bags more space in your boot and be able to lay your hands on anything you need at a moments notice. lightweight design fits most vehicle makes and models, can be installed in seconds and can be easily rolled away for storage.", "image": "boot-org.jpg"}}, {"model": "accessories.accessory", "pk": 24, "fields": {"category": 1, "sku": "gadlane-organiser-all-2022", "name": "gadlane-car organiser", "brand": "gadlane", "vehicle_make": "all", "vehicle_model": "all", "price": "10.00", "quantity_available": 3, "accessory_type": "car organiser", "description": "the gadlane universal car boot organiser boasts a number of quality features such as a hook and loop base for secure attachment to the car boot lining to help it stay secure during travel avoiding items spilling into the boot. a universal fitting letting it be used in most car boots providing they have the space (50w x 38cm x 26h size of organiser). compartments in the boot organiser are easily adjustable to the items you have reassuring you that they will stay secure when youre on the move. side compartments also are attached for smaller items such as hand tools, safety equipment, gloves and other items. if the product gets dirty which it will in some circumstances, the material is easy to clean with minimal hassle.\r\n\r\n\r\norganise - this gadlane boot storage organiser has several compartments which can be adjusted to the requirements; depending on the amount and size of the items.\r\ndimensions - 50w x 38cm x 26h in size which will fit most car boots and has a universal fitting with a hook and loop base for secure attachment to the boot carpet lining ensuring that items will not move or spill when on the move.\r\neasy clean - easy to clean material ensures minimal effort and hassle free wash. folds away quickly and neatly when not in use and for easy storage.\r\ncompartments - this car boot tidy also has side pockets and compartments for smaller items such as hand tools, gloves, torches etc.\r\nversatile - for all items such as safety equipment, car cleaning products, building & garage tools along with groceries etc.", "image": "lg-bo.jpg"}}, {"model": "accessories.accessory", "pk": 25, "fields": {"category": 1, "sku": "nissan-illuminated-entry-guards-qashqai-2021---j12-2022", "name": "nissan-illuminated entry guards", "brand": "nissan", "vehicle_make": "nissan", "vehicle_model": "qashqai 2021 - j12", "price": "230.00", "quantity_available": 3, "accessory_type": "illuminated entry guards", "description": "installed in just 10 minutes, this illuminated entry guard protects from scuff marks while adding style.\r\n\r\nilluminated \"qashqai\" logo\r\nset = front entry guards (lh+rh)", "image": "qq-ilu.jpeg"}}, {"model": "accessories.accessory", "pk": 26, "fields": {"category": 1, "sku": "yankee-candle-air-freshener-all-2022", "name": "yankee candle-air freshener", "brand": "yankee candle", "vehicle_make": "all", "vehicle_model": "all", "price": "5.00", "quantity_available": 20, "accessory_type": "air freshener", "description": "1 x official yankee candle charming scents black cherry fragrance refill\r\n\r\neach fragrance refill lasts up to 30 days.", "image": "yk-air.jpg"}}, {"model": "accessories.accessory", "pk": 27, "fields": {"category": 1, "sku": "matt-king-car-mats-a3-2003-2013-2022", "name": "matt king-car mats", "brand": "matt king", "vehicle_make": "audi", "vehicle_model": "a3 2003-2013", "price": "16.99", "quantity_available": 15, "accessory_type": "car mats", "description": "audi a3 car mats (2003-2013) tailored grey carpet\r\n*     fully tailored for a perfect fit\r\n*     anti-slip coating on reverse to reduce movement\r\n*     hard wearing velour carrera carpet\r\n*     carpeted heel pad on driver's side\r\n*     made in the uk", "image": "a3-carmats.jpg"}}, {"model": "accessories.accessory", "pk": 28, "fields": {"category": 1, "sku": "prestige-mats-car-mats-qashqai-2022", "name": "prestige mats-car mats", "brand": "prestige mats", "vehicle_make": "nissan", "vehicle_model": "qashqai", "price": "20.99", "quantity_available": 4, "accessory_type": "car mats", "description": "fully tailored nissan qashqai 2014-2021 j11 floor mats . \r\nall our mats are made from black 500gsm carpet and come complete with a black edging to finish the mat off. \r\n all our mats come with anti slip backing and a surface that is easy to clean. \r\n oe fixings are fitted where applicable to stop your mats from moving in your vehicle. \r\n every mat is cut on site by the most up to date cutting machines to ensure a perfect fit every time and once cut, mats are dispatched within 2 working day to ensure you receive your item as soon as possible. \r\n image of the mat in this listing is the exact shape you will receive so if you think this is different to what you require please message before purchasing and we will help you with your query.", "image": "nq-carmats.jpg"}}, {"model": "accessories.accessory", "pk": 29, "fields": {"category": 0, "sku": "autoglym-cleaning-kit-all-2022", "name": "autoglym-cleaning kit", "brand": "autoglym", "vehicle_make": "all", "vehicle_model": "all", "price": "70.00", "quantity_available": 9, "accessory_type": "cleaning kit", "description": "the autoglym collection represents the very best in car care. it's 3-step routine that has been designed to make it easier for you to experience that perfect, long-lasting autoglym finish. once tried, nothing else will do. \r\n\r\nthis collection contains nine carefully chosen products and accessories to help you clean, polish and protect your car bodywork, wheels and interior.\r\n\r\nset contains: \r\n\r\nbodywork: \r\n- 325ml bodywork shampoo conditioner\r\n- 325ml super resin polish\r\n- 325ml extra gloss protection\r\n\r\nwheels: \r\n- 500ml clean wheels\r\n- 500ml instant tyre dressing\r\n- 300ml wheel protector\r\n\r\ninterior: \r\n- 500ml interior shampoo\r\n- 500ml fast glass\r\n- 500ml vinyl & rubber care\r\n\r\naccessories: \r\n- sponge\r\n- hi-tech finishing cloth\r\n- hi-tech microfibre drying towel \r\n- bag included", "image": "autoglymkit.jpg"}}, {"model": "accessories.accessory", "pk": 30, "fields": {"category": 0, "sku": "aa-windscreen-cover-all-2022", "name": "aa-windscreen cover", "brand": "aa", "vehicle_make": "all", "vehicle_model": "all", "price": "7.99", "quantity_available": 18, "accessory_type": "windscreen cover", "description": "this winter cover for snow and ice will keep your windshield frost free during the cold season.\r\neasy to attach to your windshield and suitable for majority of cars. protection against the icy winter and proceed with your safe travels.\r\neasily attaches to windscreen\r\nfits most cars\r\nprotects from ice during winter\r\n100g weight\r\npackage dimensions: 20 x 9 x 2.6cm              \r\nblack", "image": "Screenshot_2022-01-22_at_14.36.44.png"}}]